,id,id,id,id,id,id,id,id,sire_count,sire_count,sire_count,sire_count,sire_count,sire_count,sire_count,sire_count,CR0_I,CR0_I,CR0_I,CR0_I,CR0_I,CR0_I,CR0_I,CR0_I,ICF1_I,ICF1_I,ICF1_I,ICF1_I,ICF1_I,ICF1_I,ICF1_I,ICF1_I,ICF2_I,ICF2_I,ICF2_I,ICF2_I,ICF2_I,ICF2_I,ICF2_I,ICF2_I,ICF3_I,ICF3_I,ICF3_I,ICF3_I,ICF3_I,ICF3_I,ICF3_I,ICF3_I,IFL1_I,IFL1_I,IFL1_I,IFL1_I,IFL1_I,IFL1_I,IFL1_I,IFL1_I,IFL2_I,IFL2_I,IFL2_I,IFL2_I,IFL2_I,IFL2_I,IFL2_I,IFL2_I,IFL3_I,IFL3_I,IFL3_I,IFL3_I,IFL3_I,IFL3_I,IFL3_I,IFL3_I,CR0_P,CR0_P,CR0_P,CR0_P,CR0_P,CR0_P,CR0_P,CR0_P,ICF1_P,ICF1_P,ICF1_P,ICF1_P,ICF1_P,ICF1_P,ICF1_P,ICF1_P,ICF2_P,ICF2_P,ICF2_P,ICF2_P,ICF2_P,ICF2_P,ICF2_P,ICF2_P,ICF3_P,ICF3_P,ICF3_P,ICF3_P,ICF3_P,ICF3_P,ICF3_P,ICF3_P,IFL1_P,IFL1_P,IFL1_P,IFL1_P,IFL1_P,IFL1_P,IFL1_P,IFL1_P,IFL2_P,IFL2_P,IFL2_P,IFL2_P,IFL2_P,IFL2_P,IFL2_P,IFL2_P,IFL3_P,IFL3_P,IFL3_P,IFL3_P,IFL3_P,IFL3_P,IFL3_P,IFL3_P,CI12_I,CI12_I,CI12_I,CI12_I,CI12_I,CI12_I,CI12_I,CI12_I,CI23_I,CI23_I,CI23_I,CI23_I,CI23_I,CI23_I,CI23_I,CI23_I,CI34_I,CI34_I,CI34_I,CI34_I,CI34_I,CI34_I,CI34_I,CI34_I,fertility_1,fertility_1,fertility_1,fertility_1,fertility_1,fertility_1,fertility_1,fertility_1,fertility_2,fertility_2,fertility_2,fertility_2,fertility_2,fertility_2,fertility_2,fertility_2,fertility_3,fertility_3,fertility_3,fertility_3,fertility_3,fertility_3,fertility_3,fertility_3,frjosemi,frjosemi,frjosemi,frjosemi,frjosemi,frjosemi,frjosemi,frjosemi,ICF_I,ICF_I,ICF_I,ICF_I,ICF_I,ICF_I,ICF_I,ICF_I,ICF_P,ICF_P,ICF_P,ICF_P,ICF_P,ICF_P,ICF_P,ICF_P,IFL_I,IFL_I,IFL_I,IFL_I,IFL_I,IFL_I,IFL_I,IFL_I,IFL_P,IFL_P,IFL_P,IFL_P,IFL_P,IFL_P,IFL_P,IFL_P,CI_I,CI_I,CI_I,CI_I,CI_I,CI_I,CI_I,CI_I,new_I,new_I,new_I,new_I,new_I,new_I,new_I,new_I,new_P,new_P,new_P,new_P,new_P,new_P,new_P,new_P
,count,mean,std,min,25%,50%,75%,max,count,mean,std,min,25%,50%,75%,max,count,mean,std,min,25%,50%,75%,max,count,mean,std,min,25%,50%,75%,max,count,mean,std,min,25%,50%,75%,max,count,mean,std,min,25%,50%,75%,max,count,mean,std,min,25%,50%,75%,max,count,mean,std,min,25%,50%,75%,max,count,mean,std,min,25%,50%,75%,max,count,mean,std,min,25%,50%,75%,max,count,mean,std,min,25%,50%,75%,max,count,mean,std,min,25%,50%,75%,max,count,mean,std,min,25%,50%,75%,max,count,mean,std,min,25%,50%,75%,max,count,mean,std,min,25%,50%,75%,max,count,mean,std,min,25%,50%,75%,max,count,mean,std,min,25%,50%,75%,max,count,mean,std,min,25%,50%,75%,max,count,mean,std,min,25%,50%,75%,max,count,mean,std,min,25%,50%,75%,max,count,mean,std,min,25%,50%,75%,max,count,mean,std,min,25%,50%,75%,max,count,mean,std,min,25%,50%,75%,max,count,mean,std,min,25%,50%,75%,max,count,mean,std,min,25%,50%,75%,max,count,mean,std,min,25%,50%,75%,max,count,mean,std,min,25%,50%,75%,max,count,mean,std,min,25%,50%,75%,max,count,mean,std,min,25%,50%,75%,max,count,mean,std,min,25%,50%,75%,max
BY,,,,,,,,,,,,,,,,,,,,,,,,,,,,,,,,,,,,,,,,,,,,,,,,,,,,,,,,,,,,,,,,,,,,,,,,,,,,,,,,,,,,,,,,,,,,,,,,,,,,,,,,,,,,,,,,,,,,,,,,,,,,,,,,,,,,,,,,,,,,,,,,,,,,,,,,,,,,,,,,,,,,,,,,,,,,,,,,,,,,,,,,,,,,,,,,,,,,,,,,,,,,,,,,,,,,,,,,,,,,,,,,,,,,,,,,,,,,,,,,
1995,2.0,199515211310401.0,1.4142135623730951,199515211310400.0,199515211310400.5,199515211310401.0,199515211310401.5,199515211310402.0,2.0,60.5,6.363961030678928,56.0,58.25,60.5,62.75,65.0,2.0,-0.04677873765408558,0.05386004841904019,-0.08486354312622468,-0.06582114039015513,-0.04677873765408558,-0.02773633491801602,-0.008693932181946466,2.0,0.3528424770226727,0.80357535691938,-0.21537110704942122,0.06873568498662572,0.3528424770226727,0.6369492690587196,0.9210560610947666,2.0,0.36036388077995174,0.797571791666608,-0.20360454159061106,0.07837966959467033,0.36036388077995174,0.6423480919652331,0.9243323031505145,2.0,0.33201259590544974,0.7484140502700409,-0.19719605417578584,0.06740827086483192,0.33201259590544974,0.5966169209460674,0.8612212459866853,2.0,-0.07291086920936322,0.04037056580820797,-0.10145717005268486,-0.08718401963102404,-0.07291086920936322,-0.05863771878770241,-0.0443645683660416,2.0,-0.0663498672175239,0.04180332522016606,-0.09590928195684995,-0.08112957458718692,-0.0663498672175239,-0.051570159847860876,-0.03679045247819785,2.0,5.6991957602096736e-05,0.0019231351972153778,-0.0013028699814874253,-0.0006229390119426644,5.6991957602096736e-05,0.0007369229271468579,0.0014168538966916188,2.0,-0.7487112093871466,0.05341183719779995,-0.7864790816653429,-0.7675951455262447,-0.7487112093871466,-0.7298272732480485,-0.7109433371089504,2.0,-0.11707196684618468,0.7857820951179632,-0.6727038148390692,-0.3948878908426269,-0.11707196684618468,0.16074395715025758,0.4385598811466998,2.0,0.5536621154112275,0.7780668685265671,0.0034857564595098616,0.27857393593536867,0.5536621154112275,0.8287502948870862,1.103838474362945,2.0,0.1346332772967087,0.7338030570187651,-0.3842438403766789,-0.12480528153998507,0.1346332772967087,0.39407183613340246,0.6535103949700963,2.0,0.32445450852718816,0.03048683408455123,0.30289706140909284,0.3136757849681405,0.32445450852718816,0.33523323208623584,0.34601195564528353,2.0,-0.5269287385005098,0.0311807373105385,-0.548976849295188,-0.5379527938978489,-0.5269287385005098,-0.5159046831031707,-0.5048806277058316,2.0,-1.3915135741134272,0.0104411005398278,-1.39889654710819,-1.3952050606108086,-1.3915135741134272,-1.3878220876160459,-1.3841306011186645,2.0,0.1642275128364048,0.3984311320659201,-0.11750584248324018,0.023360835176582315,0.1642275128364048,0.30509419049622727,0.4459608681560498,2.0,0.19888391162402258,0.5519192221513343,-0.19138191302639043,0.00375099929881606,0.19888391162402258,0.39401682394922904,0.5891497362744356,2.0,0.1992717946369278,0.5628276941710205,-0.19870748455098905,0.0002821550429693842,0.1992717946369278,0.3982614342308862,0.5972510738248447,2.0,121.0,0.0,121.0,121.0,121.0,121.0,121.0,2.0,124.5,4.949747468305833,121.0,122.75,124.5,126.25,128.0,2.0,114.5,6.363961030678928,110.0,112.25,114.5,116.75,119.0,2.0,120.5,0.7071067811865476,120.0,120.25,120.5,120.75,121.0,2.0,0.3509329219264118,0.7907420260136806,-0.2082061268370511,0.07136339754468035,0.3509329219264118,0.6305024463081432,0.9100719706898747,2.0,0.13448930665961764,0.7730717195207047,-0.41215494855701745,-0.1388328209486999,0.13448930665961764,0.4078114342679352,0.6811335618762527,2.0,-0.07159866881099536,0.040657117690599584,-0.10034759243351787,-0.08597313062225662,-0.07159866881099536,-0.05722420699973411,-0.04284974518847285,2.0,0.1541778591216486,0.030625614729748698,0.13252227926823668,0.14335006919494264,0.1541778591216486,0.16500564904835455,0.1758334389750605,2.0,0.18163328883279473,0.47735687151256445,-0.15590899205973505,0.012862148386529854,0.18163328883279473,0.3504044292790597,0.5191755697253245,2.0,0.060124794641608734,0.22766605864261238,-0.10085941927059669,-0.02036731231449397,0.060124794641608734,0.14061690159771145,0.22110900855381416,2.0,-0.032306520318719736,0.2272910759308971,-0.19302558141264353,-0.11266605086568163,-0.032306520318719736,0.04805301022824217,0.12841254077520406
1996,2.0,199614887610017.5,2124573019.9038584,199613385310028.0,199614136460022.75,199614887610017.5,199615638760012.25,199616389910007.0,2.0,95.5,57.27564927611035,55.0,75.25,95.5,115.75,136.0,2.0,0.07594611955171399,0.9099716123884624,-0.5675009782554242,-0.24577742935185515,0.07594611955171399,0.3976696684552832,0.7193932173588522,2.0,-0.49166454894064826,0.47370104607448377,-0.8266217708750769,-0.6591431599078625,-0.49166454894064826,-0.3241859379734339,-0.1567073270062196,2.0,-0.657820273734292,0.5353813145716849,-1.0363920317884985,-0.8471061527613952,-0.657820273734292,-0.46853439470718866,-0.2792485156800854,2.0,-0.36086617114783454,0.741162133101149,-0.8849469414223435,-0.6229065562850891,-0.36086617114783454,-0.09882578601058001,0.1632145991266745,2.0,0.5550197644034606,0.08411155261863405,0.49554391517069535,0.525281839787078,0.5550197644034606,0.5847576890198433,0.6144956136362258,2.0,0.6016186457129824,0.5694389481395867,0.1989645040117459,0.40029157486236416,0.6016186457129824,0.8029457165636007,1.004272787414219,2.0,0.7774916297910983,0.8205326071910145,0.19728745906165435,0.4873895444263764,0.7774916297910983,1.0675937151558206,1.3576958005205424,2.0,0.4931395246734247,1.4166890546966509,-0.5086109127353369,-0.007735694030956086,0.4931395246734247,0.9940147433778055,1.4948899620821863,2.0,-0.8341853108007284,0.35385173038783363,-1.0843962688925595,-0.9592907898466438,-0.8341853108007284,-0.7090798317548128,-0.5839743527088973,2.0,-0.559173130020494,0.5587910953910508,-0.9542981028381649,-0.7567356164293294,-0.559173130020494,-0.36161064361165846,-0.164048157202823,2.0,-0.9025279918799759,0.73861648588877,-1.424808717748103,-1.1636683548140394,-0.9025279918799759,-0.6413876289459123,-0.3802472660118487,2.0,0.7758559017357511,0.39782071095565524,0.49455417932255386,0.6352050405291525,0.7758559017357511,0.9165067629423498,1.0571576241489484,2.0,0.940014173516257,0.761223938787493,0.40174756439808734,0.6708808689571721,0.940014173516257,1.209147478075342,1.4782807826344266,2.0,1.4592624480712393,1.385522317312895,0.47955022201399167,0.9694063350426154,1.4592624480712393,1.9491185610998631,2.438974674128487,2.0,0.2106376978057282,0.3358577686804,-0.026849607942365537,0.09189404493168132,0.2106376978057282,0.3293813506797751,0.4481250035538219,2.0,-0.2458427494450821,0.2542620751649954,-0.425633186992814,-0.335737968218948,-0.2458427494450821,-0.1559475306712162,-0.06605231189735024,2.0,-0.3139695370694478,0.3456218807241203,-0.5583611126559214,-0.43616532486268456,-0.3139695370694478,-0.191773749276211,-0.0695779614829742,2.0,100.0,0.0,100.0,100.0,100.0,100.0,100.0,2.0,101.5,2.1213203435596424,100.0,100.75,101.5,102.25,103.0,2.0,98.0,2.8284271247461903,96.0,97.0,98.0,99.0,100.0,2.0,100.0,1.4142135623730951,99.0,99.5,100.0,100.5,101.0,2.0,-0.5153515908201787,0.5456973440289772,-0.9012178832585568,-0.7082847370393677,-0.5153515908201787,-0.32241844460098956,-0.1294852983818005,2.0,-0.7653501927825075,0.4922864909889861,-1.1134493088473498,-0.9393997508149288,-0.7653501927825075,-0.5913006347500864,-0.41725107671766526,2.0,0.5643395406653648,0.04659854753301007,0.5313893917113298,0.5478644661883474,0.5643395406653648,0.5808146151423824,0.5972896896194,2.0,0.8086875560918523,0.1660117810070255,0.6912994999849285,0.7499935280383904,0.8086875560918523,0.8673815841453142,0.9260756121987761,2.0,-0.0312278833445501,0.022525885645877333,-0.047156089836982676,-0.03919198659076639,-0.0312278833445501,-0.023263780098333815,-0.015299676852117527,2.0,0.14275351699697167,0.3690027994528906,-0.11817086477298694,0.012291326111992365,0.14275351699697167,0.273215707881951,0.4036778987669303,2.0,0.2733666251458588,0.34801786773251325,0.027280830898115727,0.15032372802198726,0.2733666251458588,0.39640952226973036,0.5194524193936019
1997,6.0,199716596510023.66,68298117.79105052,199716506210001.0,199716543410033.25,199716625160023.5,199716631460024.25,199716672810033.0,6.0,196.16666666666666,88.3977752359564,74.0,150.0,202.5,223.5,335.0,6.0,-0.153679445888892,0.7515480057729105,-1.2147735065179335,-0.44295676404388906,-0.2848838261820016,0.20298768709526765,0.992500702025412,6.0,0.015128518818982214,0.8734631266209852,-1.6410421818442462,0.0026601489575900986,0.24360528193449388,0.36247690864129956,0.9201568420469615,6.0,-0.17684085322860174,0.8743213383376158,-1.7723932970023657,-0.27193482171686884,0.014834698490309915,0.1614638919823661,0.8388631526230125,6.0,0.1697458615719154,0.8280039930572376,-1.3585198577586057,0.1446007478598591,0.2894712821109244,0.5159356354165565,1.1103181400069781,6.0,-0.16421026253513843,0.8592966855513283,-1.392280969789564,-0.7302299127577405,-0.06965815463523764,0.4836106260950752,0.8287226496426039,6.0,-0.2323957200504366,0.8319141060488067,-1.6438979431438443,-0.49516781103988744,-0.09626776637069398,0.19248030880171588,0.7814639809863787,6.0,-0.05454769941582205,0.8024860553348493,-1.3664348918680056,-0.38261590134334056,0.024178152727980767,0.6024842901712985,0.7137533066318219,6.0,-0.03853042312659736,1.0315086643754339,-1.2725436076923362,-0.7567147754873504,-0.15964598629100119,0.607250477000337,1.4535081153034384,6.0,-0.14277192959592705,0.7941290285075118,-1.6187132045104309,-0.1916574219780864,0.06505059736163919,0.14107374410702012,0.7427924009474381,6.0,-0.24758102530647397,0.9717451906953968,-2.063287051985793,-0.32635822685548227,0.021137045066654363,0.1483683683353871,0.786937984751537,6.0,-0.07891034609958075,0.7500888453893314,-1.3473777326665328,-0.2872524167997096,0.005000916322164775,0.275959142604399,0.882305466566576,6.0,0.11544013184352586,0.9170768376087999,-1.3471229455023852,-0.32941986019412767,0.4001450501082192,0.5367096512128432,1.2298506150609605,6.0,-0.03241779391983796,0.8459238368403861,-1.4412769735019328,-0.3182161112545635,0.12128923397045048,0.33226199518628186,1.0663233861133468,6.0,0.09482459196023879,0.9425478528699219,-1.228001296032346,-0.4815140456744921,0.14155198352274367,0.7131121357000629,1.299415416396026,6.0,-0.32349294258350525,1.3291237256316193,-2.206030693649178,-1.309043197416229,0.09955534580108835,0.7312068210636448,0.9027810788834744,6.0,-0.4191658441525574,1.2795097732518148,-2.0657348809997007,-1.2529671917358547,-0.386680072530113,0.19925013510073378,1.4712693216380015,6.0,-0.42312270118608697,1.2721121541601808,-1.9856681594985652,-1.2677671803796742,-0.474724633034876,0.1613661047555801,1.5550995639273366,6.0,94.33333333333333,23.888630489558558,61.0,79.0,96.0,114.5,119.0,6.0,94.5,27.44266750882647,64.0,73.75,94.0,106.75,137.0,6.0,91.83333333333333,26.255793011574927,66.0,75.25,84.5,100.5,138.0,6.0,93.5,24.17229819442082,67.0,73.25,92.5,108.75,128.0,6.0,-0.011538824244706333,0.8610003899625684,-1.6239430515745539,-0.03787947654280849,0.2083280727714138,0.2952332372422966,0.9338009948117801,6.0,-0.16144234160982182,0.828431124877969,-1.6978182643842596,-0.19151189080696882,0.04561160074256392,0.10481943419902998,0.7839386892124953,6.0,-0.17784735403819799,0.8316997143807581,-1.4426043644604198,-0.6781967693009721,-0.03313318488387573,0.5177077941981101,0.6336831202135488,6.0,0.08586854669085309,0.8721457528157534,-1.3659537511022948,-0.30859532456955335,0.38154145855398847,0.6021590932192084,0.9810247283092218,6.0,-0.37212076477473727,1.2511404244062652,-2.1198694430242124,-1.267296433636735,-0.10954362502507532,0.449328566594418,1.1238268437989782,6.0,-0.12312121347028933,0.6611259194830363,-0.996425133801786,-0.6177836969630496,-0.047083879236405585,0.403459044982858,0.6062425612688462,6.0,-0.013204513762839468,0.6701749921641931,-0.9465477943351583,-0.48484527715821035,0.09441062863756244,0.5452384861254048,0.660915594951779
1998,9.0,199815500610032.78,1234634600.9027936,199813607310036.0,199815233410042.0,199815384510052.0,199816516710046.0,199816762910027.0,9.0,244.55555555555554,176.436327828987,59.0,106.0,205.0,438.0,499.0,9.0,-0.10139452332643072,0.35958394682624223,-0.5150331560429774,-0.4904006267922251,-0.03955948091357598,0.09676491946712498,0.508809831775839,9.0,-0.1716316119659846,0.3804114336737119,-0.7832670322187578,-0.3509658459663835,-0.2775654621692682,0.08743129608090364,0.5236484835452688,9.0,-0.3757604686563034,0.39778016405901756,-1.1208661443266361,-0.5171667116959798,-0.4373646649489631,-0.03421560035056967,0.2282511713112756,9.0,0.06629868891528207,0.426943048850791,-0.4693560722202838,-0.25338774877265696,-0.06332279562843841,0.25532259826674136,0.9504498789397444,9.0,-0.16309157456414233,0.3655876580251385,-0.9457039704625234,-0.21510158054600678,-0.08351566904930795,0.06131618195376585,0.19120847808030653,9.0,-0.15356935756150178,0.3492894564953685,-0.5990440415630824,-0.4181846967489497,-0.26066830390883716,0.2256981681861103,0.3679346811995469,9.0,-0.06480802309601304,0.43180971347643166,-0.7910421651650236,-0.29242110098860497,-0.19144466535136626,0.35664467569528635,0.520220082112472,9.0,-0.096450512229252,0.7163298998897302,-1.1870719406422912,-0.6019557619766857,-0.16095475656630498,0.5607561183526836,1.070722689422871,9.0,-0.32398585359019727,0.373500436468356,-0.8158669807417254,-0.5955697171695452,-0.49487347401550175,-0.03934425428350813,0.3365490188412455,9.0,-0.5024409255683762,0.4982456692604653,-1.3952541300666215,-0.6299934762409969,-0.45157064440241707,-0.14830415214196752,0.17804985733395715,9.0,-0.14338499589025588,0.4657391625766231,-0.8033731228611807,-0.4598738999728628,-0.050552084104277466,0.057578512950099206,0.7240372449716822,9.0,0.1647808300106367,0.506844221681021,-0.8629769071739936,0.1634549511043209,0.23589058038231392,0.3598349126668001,1.0009867044979175,9.0,0.06581709336950427,0.4210753706197003,-0.41994319284840553,-0.1414810947533488,-0.07216562658438991,0.5245105707667458,0.6374991282910546,9.0,0.11266138127841724,0.7199612623077092,-0.8544929881911982,-0.14832938084032185,-0.09359026819655274,0.7186681898596117,1.425261374128943,9.0,-0.36072726549039896,0.5359768754398055,-1.2041485895591555,-0.4446814922640404,-0.4112721545258633,-0.17764674441481348,0.6804153138451215,9.0,-0.5435363789430433,0.3743406171648329,-0.9917510394940757,-0.8809282425292643,-0.5739592777358458,-0.18672261251323097,-0.04844935620592479,9.0,-0.5589611351192794,0.3518091057299363,-0.9509230150188266,-0.9290883038965202,-0.5855575874353497,-0.18164242041592107,-0.0539308695609504,9.0,94.0,12.175795661885921,85.0,87.0,91.0,94.0,125.0,9.0,93.55555555555556,9.488296884993522,84.0,87.0,90.0,94.0,113.0,9.0,90.33333333333333,10.074720839804943,75.0,84.0,94.0,96.0,107.0,9.0,92.77777777777777,8.599095559676288,84.0,87.0,89.0,98.0,111.0,9.0,-0.18528420879682692,0.38577999339589125,-0.8217645738514265,-0.33525836906048434,-0.3009833698370684,0.07392456552182931,0.5203895689539659,9.0,-0.3414022036436626,0.40079903684664064,-0.9871843539630852,-0.5069152796539862,-0.4952100725126061,-0.05264767019432447,0.36649691561514636,9.0,-0.16118713116361427,0.34520163421189626,-0.8402001157198087,-0.22421492521857286,-0.16536084574846469,0.044235092068316446,0.21701224073903938,9.0,0.14498808268241017,0.4204148862701706,-0.7048146510560728,0.10246774193278695,0.3029486956767439,0.3157049082384742,0.7222775074142893,9.0,-0.4552167734519683,0.43312979099019516,-1.0854172674071045,-0.657282938601915,-0.49493537807075527,-0.18116864004456024,0.2909601242798009,9.0,-0.15645773288614132,0.15879692995581735,-0.4291875077391812,-0.2864904726864632,-0.09056778727846168,-0.047411142195954895,0.025093536183925694,9.0,-0.04921672219774408,0.11455732270519134,-0.18146025612246675,-0.1537158163334315,-0.036718298056928556,0.028439080613988046,0.11710927957959442
1999,3.0,199916078510019.0,767921980.900469,199915191810035.0,199915854260021.5,199916516710008.0,199916521860011.0,199916527010014.0,3.0,200.66666666666666,124.61674579820054,64.0,147.0,230.0,269.0,308.0,3.0,0.7391615352937068,0.657608249132857,-0.002483646305698146,0.48318036709857004,0.9688443805028383,1.1099841260934091,1.2511238716839799,3.0,0.6444153392868585,0.30357765780379814,0.3910267061541118,0.47618128386325353,0.5613358615723953,0.7711096558532318,0.9808834501340683,3.0,0.427311925738975,0.2206536346584555,0.22149809229471576,0.31082285028961537,0.40014760828451496,0.5302188424611045,0.6602900766376941,3.0,0.8792657440007332,0.3555732973147425,0.5108249366504196,0.708700302738746,0.9065756688270724,1.06348614767589,1.2203966265247073,3.0,0.0692772149570862,0.2772541910692235,-0.12124370236990961,-0.08976017472702691,-0.05827664708414422,0.1645376736205841,0.3873519943253124,3.0,0.27427073300827226,0.4304089751734804,-0.21958395452412227,0.12665883856327287,0.472901631650668,0.5211980767744695,0.5694945218982711,3.0,0.23150251017532433,0.41493558271993614,-0.1866012768656705,0.025655964258713623,0.23791320538309774,0.4405544036958218,0.6431956020085459,3.0,0.821973203443323,0.7504760289037375,0.10851000227620217,0.4306273774481939,0.7527447526201857,1.1787048040268835,1.6046648554335814,3.0,0.5227465494641067,0.39072410086098275,0.2463795030185741,0.29923550090736417,0.35209149879615426,0.6609300726868731,0.9697686465775919,3.0,0.2775305485448942,0.271383520330194,-0.015710529610617252,0.15637608482204635,0.32846269925470994,0.4241510876226499,0.5198394759905899,3.0,0.7982152863682982,0.40664397431394234,0.47571393831742104,0.5698114138498571,0.6639088893822932,0.9594659603937368,1.2550230314051802,3.0,0.29394861659280275,0.20970055738157914,0.14147948079033362,0.17437705752896454,0.2072746342675955,0.37018318449403737,0.5330917347204792,3.0,0.5379798090219206,0.3278274753692586,0.19252799363699588,0.38459421712997605,0.5766604406229562,0.7107057167143829,0.8447509928058096,3.0,0.41653495915419186,0.3923570501706265,0.16997038292279634,0.19031215821330077,0.21065393350380524,0.5398172472698897,0.8689805610359741,3.0,0.15704033919571797,0.15400335664498585,0.02494293983521639,0.07246567008023108,0.11998840032524577,0.22308903887596876,0.32618967742669175,3.0,0.11466814347028009,0.2222941520149064,-0.13227924986713233,0.02261039181445869,0.1775000334960497,0.2381418401389863,0.2987836467819229,3.0,0.10598146882009578,0.23091871077046222,-0.15410179826814052,0.015509858251849154,0.18512151477183883,0.23602310236421392,0.286924689956589,3.0,112.66666666666667,2.3094010767585034,110.0,112.0,114.0,114.0,114.0,3.0,116.66666666666667,4.932882862316247,111.0,115.0,119.0,119.5,120.0,3.0,118.0,15.716233645501712,100.0,112.5,125.0,127.0,129.0,3.0,115.66666666666667,5.033222956847166,111.0,113.0,115.0,118.0,121.0,3.0,0.6262543961652683,0.2868091495668689,0.3641277680955546,0.47307755756626063,0.5820273470369667,0.7573177102001253,0.9326080733632839,3.0,0.5042754965691812,0.34934167095661095,0.2136193802895861,0.31049285867026744,0.4073663370509487,0.6496035547089789,0.891840772367009,3.0,0.11027591856732342,0.275217647764443,-0.14091175280075213,-0.036817083044206646,0.06727758671233884,0.2358697542513612,0.40446192179038354,3.0,0.34275485507862635,0.1767184257869218,0.20432530614147557,0.24322954466745217,0.2821337831934288,0.41196962954720173,0.5418054759009746,3.0,0.13411690640296217,0.18460446300822725,-0.0580326646961596,0.04611792423482298,0.15026851316580556,0.23019169195252304,0.3101148707392405,3.0,0.39084658519198356,0.32408383512522515,0.03828572476715068,0.24837874828560302,0.45847177180405535,0.5671270154044,0.6757822590047446,3.0,0.4870547171987322,0.26427820169928357,0.18795046761285406,0.3860801157057847,0.5842097637987154,0.6366068419916713,0.6890039201846272
2000,6.0,200016111826695.0,1220539825.4526122,200013630410031.0,200016454485034.25,200016651510038.5,200016669285024.0,200016673510010.0,6.0,209.83333333333334,187.98980468809117,51.0,91.5,117.0,312.75,513.0,6.0,-0.40625772778881003,0.5352944658314863,-1.251513351822106,-0.6682258910582599,-0.3112873784548247,0.0043662729390219705,0.11416298052132937,6.0,0.12658156123106132,0.523081163667573,-0.673611178986945,-0.1874139877432534,0.23452243649265475,0.5194847083891273,0.6776430035219413,6.0,-0.007731207949760464,0.4664019089484773,-0.7075840345825124,-0.29505150474784686,0.07704360375083195,0.3562987222657872,0.47680902519225316,6.0,0.330711242215667,0.5578743656216456,-0.49604571742739034,-0.05075147228301666,0.5352510898947287,0.7180265240023542,0.8769449819026373,6.0,-0.5645139533050813,0.669610005289479,-1.4300561406061487,-1.0167925434847191,-0.48613460407534725,-0.2994500372856078,0.44614200056989384,6.0,-0.6034715376820144,0.5582380925951482,-1.3974012707160453,-0.9487345613277876,-0.5828622963735023,-0.2033450063799671,0.08982786339896753,6.0,-0.147134227068315,0.19641749496906533,-0.45216773579194114,-0.254168827988214,-0.10547566060381114,-0.031191178461524426,0.09047659612011726,6.0,-0.2693596995005277,0.4791408710332693,-1.0693168834307512,-0.4805888197503138,-0.15106680866477298,0.07520004778068784,0.19509946060678363,6.0,-0.0181194267152766,0.5554679865834004,-0.8343270355419586,-0.3721518214072778,0.07928570730419993,0.3597731426728309,0.6364011038239616,6.0,-0.0064416738603739615,0.4448664662519728,-0.6435747563474856,-0.28321031544681163,0.06617312343083827,0.22600904100742653,0.5929622478633042,6.0,0.10218343125058005,0.6352260206804109,-0.7569420214771818,-0.33587304356407033,0.23852306488618225,0.3998235198753802,0.9667445540506726,6.0,-0.4341814546035095,0.7079114975006244,-1.4695531183499755,-0.8700638250789666,-0.23586708741807777,-0.09829941252432658,0.4701048240907465,6.0,-0.5066650646069832,0.5466331028665232,-1.329113947908558,-0.8394905827162261,-0.42146043760731444,-0.06896901805050071,0.06235027809871326,6.0,-0.09771554016812926,0.16804558290026625,-0.30008472887520515,-0.21046671615522572,-0.0864233005927979,-0.04953041644926688,0.17568539879615022,6.0,-0.3732820824827853,0.757062331829389,-1.1798461337260544,-1.0266573603916598,-0.4535705959617211,0.30946340132031586,0.5011730455400957,6.0,-0.575480984664764,0.6992991642627998,-1.469393542854846,-1.0356679893884513,-0.6399604523306552,-0.004974972868199742,0.25731218764933655,6.0,-0.5934189612550692,0.6770677769950092,-1.483718427259612,-1.0436019503865115,-0.6140462505275072,-0.05716264070949316,0.20961911522721247,6.0,98.16666666666667,17.588822208057785,82.0,85.5,93.0,105.75,128.0,6.0,94.16666666666667,22.728103015136714,67.0,79.25,91.5,105.25,130.0,6.0,97.16666666666667,20.83666640004266,68.0,89.75,97.0,100.5,132.0,6.0,96.5,19.63415391607186,76.0,83.75,92.0,104.0,130.0,6.0,0.12711366667373591,0.5086530644813894,-0.6482899433537043,-0.18197406361438584,0.2474245173505227,0.5112086218755048,0.642093175913931,6.0,0.00944447073436552,0.521059144671606,-0.7616243489706613,-0.32527479570753126,0.12269564497555431,0.3762651148495988,0.586709887886692,6.0,-0.5723054701804678,0.6408507689056078,-1.4235251666281281,-0.9877469867806433,-0.5054801425349782,-0.2956629913771691,0.3748791731357085,6.0,-0.4486781766042043,0.6683569536373922,-1.441465284261692,-0.8451029691286838,-0.24383723898417695,-0.1404280595790443,0.3885539148923398,6.0,-0.47796912889183574,0.7147823161532787,-1.3098806028973553,-1.0381424111376711,-0.5493928989430911,0.1418066806577994,0.3697040021102913,6.0,-0.32927018064587515,0.46203722052394774,-0.9059271477056394,-0.7349959047169259,-0.1819836211041972,0.041147545450701706,0.09808203765761689,6.0,-0.275377686981898,0.482438617722607,-0.9199392756827929,-0.6752945660700211,-0.03464517611647468,0.07530364107843696,0.11385462193548326
2001,6.0,200116486443357.66,247563151.60839292,200116007510024.0,200116472710029.0,200116574910031.5,200116640885007.75,200116659810031.0,6.0,176.16666666666666,133.2312525898735,70.0,76.0,124.0,239.5,401.0,6.0,-0.3296980572223662,0.6239125260031991,-1.3487045263760213,-0.6301700876479082,-0.1476606126241746,0.03653398917108145,0.3589117978431593,6.0,0.2247056632337784,0.920053452124318,-1.0849403615772826,-0.4632179498457318,0.6599925716687355,0.8386174670041996,1.0526515558770153,6.0,-0.04477077883139047,0.8298345638625604,-1.2491324718456966,-0.6500869834533749,0.30896193155983737,0.5536444090067412,0.6971486560397488,6.0,0.4331866043097685,0.8983285819506416,-0.7372146625643631,-0.32762350084407366,0.7412588151954409,1.1386307327405434,1.26664622563376,6.0,-0.6273945140644546,0.391450727410366,-1.2164550784210304,-0.8343738442977271,-0.6043057298581933,-0.33936988838568477,-0.17717938924355686,6.0,-0.5986163858664411,0.46984622490325334,-1.2501531380579645,-0.8770847979614264,-0.5941294878874863,-0.3298871773027723,0.05992344039489829,6.0,-0.4968154416473607,0.6471185774490225,-1.232754935799243,-0.961666648919745,-0.4336163713832407,-0.3312225905131041,0.553869767003199,6.0,-0.2901874981344375,0.6818562781642855,-1.108216421174661,-0.792147020628222,-0.3667189522857244,0.23967320577073165,0.5926817885589889,6.0,0.09938542504933214,0.960073635176351,-1.3066108890213826,-0.58160942290337,0.49638439007861657,0.768151355507554,0.9923550090736415,6.0,-0.16099697095499485,0.8727607349344084,-1.3605002866500169,-0.8521239118831258,0.20577504233853694,0.4575540516497203,0.6462448847798725,6.0,0.33316534093645783,0.9189906044744213,-0.9721191359786849,-0.34368248732127316,0.6366227536890778,0.9623673535558588,1.2973676883658805,6.0,-0.5285004011486797,0.42629589490273445,-1.0128620190005035,-0.8855388679725722,-0.550587930375948,-0.1547140148414907,-0.03701930363822654,6.0,-0.5142218921769854,0.6956366783246584,-1.5496911794363386,-0.9416760748406894,-0.37046499311114334,-0.08386028531740572,0.3256949640667437,6.0,-0.48103721123856774,0.8589922571111136,-1.563300988300722,-1.0500006845241265,-0.44047226080064983,-0.13375472131501648,0.8427146097223722,6.0,-0.01894120746549009,0.7084050170774795,-1.0789403355945117,-0.4959841812278598,0.2798023506399722,0.5058018275173853,0.5791330948955744,6.0,-0.0760415224475638,0.6182214301664454,-0.9192566556650752,-0.4598586131742197,-0.1151306680898766,0.4082229173272832,0.6853626728954433,6.0,-0.08364285877853857,0.5974616535436921,-0.8668784328863561,-0.44204821661656024,-0.1781522034264254,0.3782053630722022,0.6876813561761694,6.0,105.33333333333333,18.694027566756894,83.0,88.75,109.5,117.5,128.0,6.0,110.33333333333333,18.50045044496665,88.0,97.75,107.5,124.0,135.0,6.0,109.5,15.501612819316577,88.0,100.0,111.5,116.25,132.0,6.0,108.5,14.734313692873517,92.0,96.0,108.5,121.75,124.0,6.0,0.1855589188294258,0.8867741477432295,-1.0646528548552228,-0.49215977012769313,0.5842539523411886,0.7998108787524495,0.9887996198771843,6.0,0.06802668942545918,0.923553959019064,-1.2558793577014333,-0.6151783824808773,0.4535270256397954,0.6975375967987543,0.9495245076439587,6.0,-0.6216388884248518,0.3800271278507939,-1.1035773752873599,-0.876686719828137,-0.6582127829621749,-0.28931701530042786,-0.19396726447409843,6.0,-0.5256446993543408,0.4596609198480753,-1.058076683714699,-0.8822671392407831,-0.5756758885581283,-0.11189155288931188,-0.002678738160381569,6.0,-0.04901163222272189,0.6436629489354014,-0.9886228510740497,-0.47435931788950786,0.06973153420773805,0.45909664950197016,0.6219279033107846,6.0,-0.3210913800080714,0.1690840262755021,-0.5922497482321903,-0.40440161520945034,-0.29396523589943413,-0.19503810689436013,-0.14309192114524555,6.0,-0.3004518424764202,0.15601909605266068,-0.5539253940928378,-0.34271861483799787,-0.3156591890298376,-0.1772287538473094,-0.1346435838121568
2002,13.0,200215333594638.53,1363761560.7842383,200213385110001.0,200213608710028.0,200215392310039.0,200216549910030.0,200216656910003.0,13.0,332.3076923076923,162.42659091385696,78.0,209.0,380.0,466.0,542.0,13.0,-0.1263463924300625,0.6319106405668281,-1.0075299549090653,-0.5961703939163671,-0.39835460187415506,0.44270351837467825,0.7920972908680965,13.0,0.7401420480390486,0.7181659527850741,-0.8614990893778122,0.41057494632379055,0.7386595771715653,1.211104703632389,1.6175354230402077,13.0,0.4787885577220879,0.7091684202562943,-1.1744163212588878,0.24779740762950322,0.5325390601833241,0.9151370977838987,1.3611328935836524,13.0,0.8402325208158303,0.6286664397726087,-0.5153519205760142,0.5429385042097955,0.8339025103702999,1.3924396372773955,1.6390272182926098,13.0,-0.3002732529046165,0.8002214015890591,-1.588139539113512,-0.9183899892690203,-0.3129202209248043,0.33762269390031713,0.9206695646374805,13.0,-0.4029041065066676,0.7187539645944268,-1.6304274483712708,-0.7313854800618961,-0.6157714294330405,0.26284898985425026,0.5934914911783055,13.0,-0.3946189967965442,0.5131003753765576,-1.2259735834533785,-0.5639976817449585,-0.38011928973776643,-0.11334624295130297,0.5690160041740759,13.0,0.026396453807644677,0.6639163883425271,-0.9961865548347164,-0.3854900561959662,-0.16431364665021256,0.5048632111487336,0.9440614082802776,13.0,0.5822808360331209,0.7104530460198623,-1.005727634369716,0.26107326354611593,0.564126372856617,1.2091987502158454,1.4337901105452984,13.0,0.4529537624145309,0.7314155467441829,-1.2945272910584962,0.2220937971572226,0.4770660217590426,0.7511759240344507,1.371004197610591,13.0,0.6007560606713714,0.6719093269236583,-0.6701310693127231,0.25944781016624197,0.5146682032684506,1.2136246532954118,1.5157889357622918,13.0,-0.04652657398196768,0.8673369891741805,-1.492054831062852,-0.7429324069527048,-0.03375681295962847,0.6020837501439892,1.129347714058796,13.0,-0.21880420815409235,0.7822825261523726,-1.8436483987884658,-0.5138898574543836,-0.24731089570214504,0.39166589704976,0.8358190388772766,13.0,-0.5602471682055978,0.7347609580531974,-2.408384051500553,-0.7339300355496197,-0.4308242735297563,-0.2442975337356307,0.46817190986794777,13.0,0.29959122081328066,1.0052874561460643,-1.543757498564256,-0.0979966679365657,0.549074016159939,1.1745580467057493,1.4349366282474825,13.0,-0.004291093039658271,0.9473704823648887,-1.7485161249983252,-0.507505348202602,0.46307730441656586,0.7767164492400863,0.987731513530171,13.0,-0.055195578426016474,0.9152490461527562,-1.7355234016939116,-0.5880045668224925,0.36045674767651453,0.6683917653255169,0.885885050853335,13.0,106.61538461538461,21.136613027077217,74.0,90.0,106.0,127.0,135.0,13.0,104.84615384615384,20.868022402095484,63.0,98.0,109.0,116.0,139.0,13.0,100.3076923076923,14.991022954780947,72.0,96.0,101.0,111.0,120.0,13.0,103.92307692307692,17.26007695261688,69.0,91.0,104.0,119.0,128.0,13.0,0.6817540954993166,0.6953411034423822,-0.8861448251817753,0.39356007882936705,0.6520552802152386,1.1585814086068433,1.5449130232537216,13.0,0.547177758875194,0.701883459302101,-1.0252482183649514,0.26063171107381444,0.4770725549892697,1.111884643340704,1.3947068540228795,13.0,-0.3207994236250268,0.7755919446169278,-1.5200823735344848,-0.8578662773018244,-0.3966132727522227,0.37860848463565894,0.8552339499456455,13.0,-0.0809821008163926,0.8350157965566777,-1.4277221245234237,-0.6857635975998141,-0.03329901932317871,0.6088697850603538,1.0706419790224921,13.0,0.13746916680953955,0.9651194826426094,-1.6435382671204077,-0.2403020620831558,0.5473849678234649,0.9611180338522687,1.1909647783534596,13.0,0.018857238351269144,0.616718777311216,-0.9959965712240479,-0.5195821813240716,0.1480208144708115,0.5778863009440622,0.71177426271233,13.0,0.12894156801589085,0.6457646397329441,-0.9877767209978893,-0.32602895258598724,0.31306496346666085,0.7389729277621349,0.8536511862547211
2003,10.0,200315386770258.4,1420352903.3464627,200313390810204.0,200313997985030.5,200315842110751.0,200316642385012.0,200316826110021.0,10.0,157.6,119.3949561562613,52.0,57.0,110.5,251.25,389.0,10.0,-0.2286525894503403,0.7538364404587149,-1.224202937673165,-0.9299394100960572,-0.26511144071494647,0.46333635406104834,0.8453407301796442,10.0,-0.2680078062639078,0.3538366102209049,-0.8172597928538151,-0.4960455539156754,-0.23400872503119574,-0.11227637627755893,0.27490364346616364,10.0,-0.4560483021752454,0.30420884174431834,-0.895327275243323,-0.6708941503627606,-0.46824444986260566,-0.284446765467569,0.058080565128860714,10.0,-0.06614595567115313,0.3396131514208651,-0.5708739951293953,-0.3071617625809271,0.006730705250878436,0.1923469477661123,0.3689430223829311,10.0,-0.5050095987704843,0.8642021656539055,-1.9251044300152174,-1.2182791934183324,-0.3707417107728124,0.0593615938536343,0.8384229703594578,10.0,-0.3543680063026913,0.9435133019746612,-1.721239730326236,-1.1446221683595097,-0.2374287319037935,0.4750012722238662,0.7843589970729428,10.0,-0.06414961567773211,0.894528252934968,-1.51725989555683,-0.6656521765585474,0.25620460274022616,0.6043990562694044,0.8662013930826555,10.0,-0.06564244757141835,1.0160913833004885,-1.2346369935623616,-0.9636954697926978,-0.051629520541759205,0.7015732473481543,1.6672625044144562,10.0,-0.45956278731840505,0.3308495072664919,-1.001710471014847,-0.6406288180156582,-0.4849983546897857,-0.3024638113203859,0.09614459833253512,10.0,-0.5026183337396954,0.3650652349993487,-0.8834869821354434,-0.7925263421480959,-0.5785091563263989,-0.2928732875132617,0.23919131746983585,10.0,-0.2900472786993864,0.31266797433586396,-0.8759282167313379,-0.4757786976242586,-0.27082958874756385,-0.07521251625590764,0.1818247498616706,10.0,-0.254710324172593,0.9570142318741051,-1.9412008997047465,-0.9054562030519635,-0.021495152870991796,0.20342140921409213,1.3570672899122727,10.0,-0.16511962296938934,0.9385684322804427,-1.5850571181396504,-0.8755458782773899,0.04366156394951062,0.603590121511515,0.8451995695171393,10.0,0.151150380823589,0.8707332564168812,-1.3487589577587766,-0.3085857579431419,0.43668456063438654,0.826117181403457,1.092645016436185,10.0,-0.45366430313816686,0.8755027714465258,-1.7545076677261795,-1.0172948876139354,-0.650393763468985,-0.08280120773084206,1.0146724513410699,10.0,-0.6100848343285383,0.8296949019568068,-2.119216907019432,-1.059211246187033,-0.697981751352124,-0.10191251278432564,0.72639533377697,10.0,-0.6193351445778796,0.8065977723845772,-2.123474318166205,-1.037137328539696,-0.7132135251224307,-0.08812417602549044,0.6819581069277649,10.0,92.2,15.375304875026055,76.0,78.5,88.0,106.5,116.0,10.0,95.0,18.89738371074449,72.0,78.75,93.5,111.5,120.0,10.0,92.2,14.972567507871782,73.0,81.0,90.5,102.0,120.0,10.0,93.1,15.351076690433006,74.0,78.5,92.5,108.0,110.0,10.0,-0.28404758491875814,0.33414618859312306,-0.7914028780257836,-0.5057380749255975,-0.2561315564242039,-0.1030028282258277,0.22866459574832626,10.0,-0.43857634952098834,0.32327173197843606,-0.9410869734943241,-0.6475433294394808,-0.4613991751001024,-0.2546189923445419,0.037832700958335075,10.0,-0.4748812802769257,0.8758703516141946,-1.884331490077421,-1.208303067502983,-0.3440791149990087,0.12261230384270591,0.8276101757021548,10.0,-0.23679218393195228,0.9418644449182976,-1.8638123181481672,-0.880751623088641,-0.04590883952370675,0.30892555344062056,1.2546937458332459,10.0,-0.5337246307832209,0.8384174001832038,-1.9377137696021605,-1.033838283371017,-0.6715853569386829,-0.0924235705187833,0.7930514293632085,10.0,-0.36838543350415837,0.6058649479682755,-1.3354985804469788,-0.8521719087936117,-0.34373989569502617,0.032616218741514616,0.6514726126115041,10.0,-0.26309748633655633,0.6713798038702518,-1.337313409206543,-0.7734425280384415,-0.23002072232001408,0.11067123305232172,0.9639512657381859
2004,24.0,200415739818790.5,968178363.0309507,200413601110254.0,200415246485745.25,200415860610274.0,200416626585658.25,200416683510279.0,24.0,117.91666666666667,71.39657564962589,57.0,73.25,81.0,139.0,311.0,24.0,-0.03879988320499183,0.6853859249799877,-1.4067387385453767,-0.5520847526165084,0.06675463903022588,0.36598637859244654,1.0134841534155243,24.0,0.18537558549694347,0.5948171414248535,-1.0011908136303358,-0.19249396448084763,0.16583260841942704,0.5520675522019464,1.3295865873008117,24.0,0.020095610410777193,0.6218334689581448,-1.2509261760887758,-0.3609197182263283,0.08771945200424375,0.4308712183614163,1.1811496313087715,24.0,0.28674129552682065,0.6263566390236738,-1.0041075903194083,-0.18699932685564047,0.37303034788523415,0.7263725448733537,1.4157899930570976,24.0,0.05182907883329391,0.5636010964199637,-0.8018664023329272,-0.43723589361173254,-0.03907827249413434,0.43929266473872797,1.2224586675396953,24.0,0.01852368943664674,0.7000610149795864,-1.1945899386882335,-0.5161445208616442,-0.01506680588879444,0.5188981787408564,1.1803429161632744,24.0,0.12517930900331764,0.7294799677355328,-1.1405130280152909,-0.32806389196079655,0.045423804098322,0.7041262353759026,1.483450488369935,24.0,0.1734022757196316,0.7866446240513665,-1.155550794871292,-0.5005187524406238,0.08777377883642826,0.9288812945276721,1.4148810464973591,24.0,-0.015415368880722072,0.5946807860280618,-1.1912208853397974,-0.43771482701436465,-0.012707740777303191,0.4053299091332636,1.1823410972427206,24.0,0.003237744888074693,0.6000231163044238,-1.2233352882644823,-0.3795733856991295,0.09373422601200636,0.3410637680968416,1.1272752433230313,24.0,-0.014813493196307906,0.7053411731558584,-1.389262466386836,-0.5011150054803114,0.07951579422223633,0.5889854551477922,1.2114536746280966,24.0,0.270941880932605,0.6396199164454123,-0.8971296144728785,-0.23705651346222636,0.2852583922930952,0.6753158666933425,1.5730888852512688,24.0,0.2581497875543209,0.7716846775367552,-1.084390849788999,-0.30730708845442706,0.12464382443687601,0.9341642997020168,1.4829851837750936,24.0,0.35368666947575084,0.9601824032481424,-1.2717773745001073,-0.15465297669119293,0.24153053510011546,0.9218163163170777,2.078565115737818,24.0,-0.09221869367192255,0.8500754514893049,-1.8300306481602573,-0.6142178464407763,-0.11233034054143187,0.5856988519733662,1.5013731967907566,24.0,-0.2693267554535291,0.9654701575646313,-2.1949403100394362,-0.8485040664204335,-0.1830871745858772,0.41626350449070376,1.4378402640381946,24.0,-0.2913504417430257,0.9678673622162661,-2.1967855588959804,-0.8866141558411819,-0.18134112790047208,0.3958246778525465,1.3881406555156812,24.0,100.75,16.611284797049734,64.0,90.0,96.5,116.0,134.0,24.0,105.91666666666667,23.121449982113198,65.0,85.25,106.5,127.0,144.0,24.0,96.625,20.620404626401534,51.0,81.5,99.0,113.0,126.0,24.0,101.08333333333333,18.600880452902985,60.0,85.0,101.5,117.25,134.0,24.0,0.156064734977069,0.6059727177909412,-1.0766947777056823,-0.25613315881883125,0.1963342004785626,0.5163029463174514,1.302296181654457,24.0,-0.009699059613200186,0.6102138790263886,-1.2404635224266105,-0.44072117059994037,0.049071866396291235,0.4159791822544874,1.1716438565438891,24.0,0.045168000953964484,0.5748291920116184,-0.7690099105094349,-0.4537912420526167,0.027293316701500807,0.3790712351162928,1.2140355172644113,24.0,0.26838346225694815,0.6210415573546577,-0.7765833429701158,-0.2700210527069946,0.30433423512697577,0.7145166769938287,1.4485331601430984,24.0,-0.18517746182062514,0.8935928589642412,-2.0128545288711557,-0.8228500021219637,-0.15867927690830078,0.39006107398456946,1.4596668087099731,24.0,0.061643444329104576,0.5223655903149204,-0.9382256075845343,-0.3320969447114075,0.050309938481697396,0.3626059194530843,1.1184183839776645,24.0,0.1659624683884404,0.5159647915737434,-0.8275822761757062,-0.27711442159055494,0.16837063766842786,0.4736881969992888,1.2479448829801885
2005,31.0,200515442800759.8,1332819217.9334364,200513436110898.0,200514098760165.0,200516376010434.0,200516636360638.0,200516681110205.0,31.0,126.64516129032258,103.28651037674983,53.0,70.5,87.0,110.5,530.0,31.0,-0.30319011523156775,0.440779720760206,-1.4880046887390912,-0.607114284321136,-0.2793324805222738,0.02463971708162767,0.51912687646474,31.0,0.23994553082563044,0.5463164550623527,-0.9128734935637419,-0.11727404677893874,0.32428738519481454,0.552156333792717,1.7569306656501582,31.0,-0.01837776369622711,0.535784539977959,-1.2019940297720637,-0.353981140405791,0.05965944660072618,0.3075214328547047,1.449368381514698,31.0,0.2521130150375743,0.5195129849526611,-0.8476596779480022,-0.03755176339151979,0.29329357904864617,0.5431094335366864,1.651741188328875,31.0,0.1566751847607961,0.7838677139523291,-1.904263897225102,-0.27103529704200846,0.19455508872762106,0.7106189714022421,1.2276725899250043,31.0,-0.24785364433922397,0.6323188991152947,-1.8806785947863325,-0.5550863510169309,-0.2607587731615423,0.18107845003552803,0.8124742021271583,31.0,-0.2104291838691178,0.5521558912753541,-1.1843499530720685,-0.4941861084194946,-0.13658309894720191,0.14819764797510157,0.768769271255615,31.0,-0.1221319447380172,0.5255025903377988,-1.4502869641181646,-0.46887725229217836,-0.08391374649754135,0.284572910706931,0.7610558910183088,31.0,0.0496290248486509,0.5679032836492655,-1.2257479645394924,-0.3209226443556086,0.15545053806531067,0.29001769115735354,1.5641736144370268,31.0,-0.04318426738866617,0.5448967144327027,-1.3427082166415163,-0.4006945496958874,0.01242251553511298,0.29180180951941637,1.4679380308791259,31.0,-0.10550075414678411,0.5747903203016314,-1.2767433910263866,-0.42389063342531796,0.012966769224262802,0.21663089485908024,1.2704119572993873,31.0,0.4215668291470387,0.8522463606515267,-1.7996368442431627,-0.13367990002606964,0.5446426947490951,1.06217754011992,1.572058226175103,31.0,-0.07674901293971752,0.6627659494569975,-1.787838293749894,-0.3971053608686556,-0.03254442888457066,0.31516754717123374,1.0024615175840186,31.0,-0.12660245257879374,0.6307289607606068,-1.3426362697390133,-0.5528703617786066,-0.020466662914460344,0.21249378223918491,1.0234487542421482,31.0,0.20482909243917283,0.6359254502488868,-1.0197660732257898,-0.29370319616528395,0.18153604712652174,0.7106916021766448,1.4477190149374242,31.0,-0.3987018832847797,0.552820181971478,-1.7215183089407657,-0.680187533216916,-0.3806234284770016,-0.009161900923151129,0.7618698834784084,31.0,-0.4884671892334595,0.5459013572447584,-1.8476330054337335,-0.7944046610377415,-0.5056496435850211,-0.14260590219279445,0.6270646388579018,31.0,104.41935483870968,13.701032062216788,72.0,95.5,105.0,114.0,127.0,31.0,94.2258064516129,13.238100763627573,63.0,87.0,95.0,100.0,118.0,31.0,90.25806451612904,14.776034068575333,47.0,81.0,89.0,99.5,123.0,31.0,96.29032258064517,11.515767591689512,73.0,87.0,99.0,106.0,116.0,31.0,0.16488203931146195,0.5341370672541431,-0.9865668913030905,-0.20203917642635683,0.2317361692402142,0.4753984227705473,1.6436240849452637,31.0,-0.00924091862163123,0.5530315133978232,-1.2710351254674785,-0.37117408660910656,0.08787357290416928,0.2666761799365501,1.4765506079421287,31.0,0.07576941894079213,0.7425439778457382,-1.899546836737348,-0.3658284581524103,0.05802121421147393,0.6004936257820279,1.140421760634231,31.0,0.32190366072968746,0.7980071950034873,-1.7972771341445088,-0.24562733692809824,0.35021925080724514,0.8901091110887871,1.4581388844568863,31.0,-0.11488945661253944,0.5622897491784185,-1.2290964927181824,-0.4057180685582387,-0.20743943947099977,0.321410879945867,1.077833400283815,31.0,0.026711298217521086,0.5114066361574949,-1.2508825987490517,-0.2725522614409445,0.01073303380282754,0.34512261440300923,0.9274368396704419,31.0,0.13375316583075095,0.5263980951576549,-1.2230577227687522,-0.1863934498067167,0.10401008413906344,0.507860689280765,1.0289351250195227
2006,22.0,200615410055870.22,1096911066.9085615,200613390810266.0,200614790685370.0,200615312910495.0,200616577160638.5,200616683110279.0,22.0,159.1818181818182,146.24299295013415,54.0,65.25,78.0,241.0,529.0,22.0,-0.002980928710693725,0.5447916618159002,-1.0750721628967077,-0.3907258895120404,0.09227219085235522,0.39162812944574654,0.9235510164570738,22.0,0.3080649448813673,0.6049884588470085,-0.8538443243313688,-0.03243488807003484,0.42109189953507764,0.6176734824864057,1.3713497734033162,22.0,0.07360588947470259,0.5541208156423413,-1.1070410469644751,-0.10077263711425805,0.12374233128834355,0.40593596172728047,1.07636751826982,22.0,0.5018898023275223,0.6091988398724357,-0.5606358570960341,0.167926125049781,0.6428370039084665,0.8263424119713967,1.5056882460536472,22.0,0.10751183053319245,0.5579217795549055,-0.641994507193394,-0.2841652116185591,0.04116990414870592,0.5468696004074135,1.504154465482015,22.0,0.0994130892902396,0.6167643093222447,-0.9762178951951404,-0.305898689515179,-0.09280364214133183,0.49080087905957215,1.4763225002685807,22.0,0.2113652370437906,0.5726360783739121,-1.1533470948035496,-0.10483985177770916,0.18085431653308304,0.506352003602118,1.1645626423239748,22.0,0.12815192785305782,0.6882802396655582,-1.051949078129766,-0.43274168625810266,0.09317819186035656,0.7648725456336578,1.0895731937904563,22.0,0.1464012134125807,0.6048274124203871,-0.9637119501650198,-0.23365156239309556,0.24835061723568336,0.4707558327061606,1.2159885056347801,22.0,0.03445070128911634,0.5976656104055307,-1.3488629549333457,-0.11375587303051668,0.1346741085843443,0.3700536397962479,1.0830731517663572,22.0,0.2033392822185762,0.6335114903924544,-0.9156913122085831,-0.26657353661588123,0.1919956615669814,0.6690464610580702,1.304331736818177,22.0,0.28575471388738705,0.6550925048931335,-0.8775076844728179,-0.17852535800246147,0.224531353255367,0.6711890622821217,1.806699890265122,22.0,0.25915767128716677,0.6913907690259357,-0.7896024441776438,-0.3318977622053388,0.16334826704261668,0.7934963915961604,1.6855854208799266,22.0,0.20364594766557226,0.661815890507331,-1.1329863049539772,-0.355259274921622,0.04976231801165516,0.7307534633117887,1.2538839138351454,22.0,-0.014588679358420113,0.8057752269666175,-1.3248989293045312,-0.5633433219421495,-0.32585249080270884,0.7336168809384365,1.5340228695548341,22.0,-0.21990298731981658,0.7735329938713681,-1.829085289874814,-0.7180827307766171,-0.33410020678228014,0.35325687673900324,1.243373364834507,22.0,-0.24792672177029498,0.761701313404569,-1.86325376288508,-0.7300659506743914,-0.3181473945230844,0.30881174288396807,1.2948054029828286,22.0,100.0909090909091,13.81134485679243,79.0,90.0,97.5,112.25,126.0,22.0,103.5,14.59207221160077,84.0,90.0,100.5,116.5,128.0,22.0,97.13636363636364,23.055410385676247,49.0,84.25,94.5,114.0,131.0,22.0,100.45454545454545,15.136607384644787,75.0,89.5,98.5,114.25,125.0,22.0,0.27649219974859895,0.5839038481638145,-0.8642183926864455,-0.011686236610740072,0.37885438135718486,0.580413559971824,1.2769529961913373,22.0,0.12420367353674049,0.5884270158671101,-0.9728450970220668,-0.19810738542998613,0.22007300018796197,0.41551302196622464,1.1364591932405634,22.0,0.1058920822846019,0.5555109332440457,-0.6336317180647533,-0.3665338156826983,0.006908673226139514,0.5356406836902562,1.4985880724393281,22.0,0.28043530536734296,0.6334228543604185,-0.8599266364137831,-0.1650558077237723,0.17464154612350985,0.75335954510226,1.7824769963880829,22.0,-0.12285058022921405,0.7663813678456272,-1.5838258041917257,-0.6031378536111351,-0.3414698211701625,0.5750982102493801,1.0637247968520027,22.0,0.13529751532474188,0.4710551842742616,-0.5807019940426715,-0.21712256121534781,-0.016165138573472872,0.4908918279184992,1.203295673332058,22.0,0.20310914031530522,0.5137808898645445,-0.6335614636003821,-0.16528573100608135,0.0070177894266685165,0.6054472118841399,1.3314721523014645
2007,27.0,200715162740066.72,1400166454.505978,200712565610314.0,200713656760224.5,200715278610430.0,200716453010658.0,200716679410407.0,27.0,163.88888888888889,164.07393580412582,51.0,69.5,82.0,174.0,605.0,27.0,-0.03421800815237585,0.5774539404850948,-1.1852398795633803,-0.3117621346841374,-0.07023196116471812,0.20656070767571577,1.3385111792417184,27.0,0.3852985046440948,0.5749735918567918,-0.8092026598638791,-0.04355958792309722,0.38869232047384933,0.8928593536700192,1.3842483538752757,27.0,0.1800579889689166,0.6130505194418401,-1.2759405085896158,-0.25613991156682236,0.16665634287295802,0.6490454883923218,1.1589767582848445,27.0,0.6217203576632531,0.5130005850919622,-0.3346496653661941,0.23956714350662395,0.6209862445945803,1.060387392816739,1.542550829447775,27.0,-0.26855134130511077,0.601943590959779,-1.7567129250710851,-0.5556480117373881,-0.14148736230091608,0.12694180716974957,0.8166336249492249,27.0,-0.2127079004020088,0.615403252266746,-1.370328346844037,-0.40095595843691745,-0.1766446085037328,0.16751795720427393,0.7596363889951693,27.0,0.009539488788368048,0.4939303756937308,-1.1190083222922131,-0.18675103553288686,0.16024861916272054,0.334574096694357,0.8319508481253927,27.0,0.18387872479765022,0.6663950977130455,-1.0995743082385596,-0.15588441051921997,0.038864267224963875,0.6091369064976704,1.710987918376263,27.0,0.20862870181223048,0.5792283918865013,-0.9545145031651859,-0.18908931265129522,0.1713256639071068,0.6902939729517518,1.2208495013569738,27.0,0.14842110632506866,0.6251883745451318,-1.3005093803746879,-0.2586775879224793,0.1662543738838771,0.6041455523119807,1.1683828326293384,27.0,0.3269079132772863,0.5266756371484028,-0.6207800721075057,-0.11359064364583445,0.28296028448278904,0.7469488234070975,1.3295676016677065,27.0,0.0033361131937609916,0.6445257149211719,-1.5860327507078202,-0.31425477286092773,0.10467873750325869,0.4159111026233305,1.0698044172835464,27.0,-0.023953612449127616,0.656515352924108,-1.2872983053978102,-0.2955941473932604,0.1041900457435159,0.35912618010543434,1.036824755403182,27.0,0.04869324625961086,0.5665273645069979,-1.1581387636885812,-0.2722238363470142,0.2438746499419676,0.42741154046830576,0.810604343533757,27.0,-0.12209137839642713,0.6268046155016864,-1.0881643514701451,-0.46015454860775473,-0.22017092461917245,0.10035703116559672,1.7839162548971665,27.0,-0.23487238584008668,0.7352220052714312,-1.3093940787916412,-0.7239322575890883,-0.36575341548053436,0.24193080162746144,2.241823614268424,27.0,-0.24679300427542886,0.7428250376626154,-1.3447836484200955,-0.7374633198444139,-0.3395936313108677,0.24101029497878518,2.258630672952045,27.0,101.51851851851852,13.921124983194455,71.0,89.0,104.0,109.5,126.0,27.0,106.14814814814815,15.131992862052504,86.0,94.5,103.0,113.0,151.0,27.0,99.51851851851852,18.53763400879073,61.0,91.5,95.0,108.5,143.0,27.0,102.37037037037037,13.658325576360285,78.0,91.0,102.0,112.0,140.0,27.0,0.371010720545373,0.5698712329443928,-0.8543134155820631,-0.07216865669406171,0.3748773846503569,0.8712006363818987,1.3483273703126462,27.0,0.21422226545909312,0.5747196913350102,-0.9915660801165005,-0.2154545517203055,0.19213120101527434,0.72733690285878,1.1837021019329397,27.0,-0.2573826531244904,0.5972834207540023,-1.6794360094256755,-0.5223543155950572,-0.1403677556547004,0.13701286434119006,0.769833936130118,27.0,-0.0021218319348167546,0.6342603792232722,-1.507373264367812,-0.3144118832456656,0.12775162182093103,0.42490704516060707,1.019581572566525,27.0,-0.18086600580532539,0.6674738633848771,-1.1022930721272,-0.6487128695380784,-0.29769343482649113,0.10946886112435832,2.016231346319519,27.0,-0.02423171202910847,0.40399108254314514,-0.7818834266325256,-0.26551672170718005,-0.02537457710312796,0.13615462064668882,0.8153576097120159,27.0,0.09998150862984957,0.42199414779055194,-0.716421457704393,-0.16229049621623182,0.12063266195721016,0.29061009951504235,0.9859063930657584
2008,21.0,200815530600886.25,1210092341.6364496,200813384210187.0,200814597910132.0,200816379410288.0,200816496610440.0,200816681110259.0,21.0,170.23809523809524,164.06977319479196,60.0,72.0,82.0,216.0,654.0,21.0,-0.4828773478895331,0.4660883150270404,-1.8416559973346853,-0.6412230492072383,-0.4972959296667741,-0.30603945119540565,0.3408703423461879,21.0,0.497265821779315,0.43243236992456263,-0.3822723525981241,0.24182313403902483,0.527527180198936,0.7001658342374397,1.3891223817575824,21.0,0.2543720375183608,0.45925456654789953,-0.7547013897583573,0.012859291084854996,0.30984428643914785,0.4962709139193296,1.2747794112801725,21.0,0.7095661516634015,0.4246933110575164,-0.0978542201922162,0.4649718230934332,0.7125039208015704,0.9464444937848687,1.6017064738160944,21.0,-0.6968139599740516,0.6074646500044898,-2.1036054879564454,-1.1718396658239514,-0.6590731343555049,-0.1037555397925344,0.12799739910150779,21.0,-0.790447820108353,0.6045061816521402,-2.3736116268067935,-1.1185919968637328,-0.939046340989922,-0.3398119370409392,0.23750629044022714,21.0,-0.3960556147964707,0.5044613720946807,-1.3139836109712488,-0.7457494854660317,-0.4368237472067613,-0.08881715752117082,0.9665678416650062,21.0,-0.2639985073892091,0.5156538063698045,-1.7102858511744907,-0.4522165289586924,-0.21664623734688937,-0.013320438030425354,0.573926564740216,21.0,0.3182422005236757,0.4395937541387574,-0.5806592969801226,0.06509792039304994,0.351088022467444,0.5224316055947064,1.23883062427305,21.0,0.24023748679323198,0.4702159188106002,-0.7495746377336856,-0.0004285516596047525,0.31619935025996193,0.43911751332757837,1.2656988659202784,21.0,0.4126095328049209,0.43958916146254096,-0.38477424993744347,0.16352826325230932,0.38155126293864516,0.6841455119597665,1.3281085348361017,21.0,-0.43744502790718753,0.6664132297498524,-1.926483694367145,-1.0384238797645247,-0.4715901857005147,0.13267871325245692,0.486804532474855,21.0,-0.6032774129240173,0.6530526401251981,-2.2653689354973072,-0.9793730103832314,-0.6279376591457818,-0.06004161585624437,0.4689172149794465,21.0,-0.3377639066871198,0.5867878595167146,-1.2637943020211715,-0.800762407760374,-0.31114663875836457,-0.020551696022610595,1.112228491111074,21.0,-0.35773422935676225,0.6090271668803232,-1.7460808451841447,-0.6305856129916356,-0.43062655302018,0.12558126311360288,0.6185992824122775,21.0,-0.5259817266820174,0.6211025777657755,-2.2299883433747048,-0.8273993220399539,-0.5156527040244387,-0.17787295618270085,0.33410746425971494,21.0,-0.5396885537974837,0.615020898919357,-2.249912491044644,-0.7839379357046354,-0.5199373206884256,-0.24309824229675842,0.276551198463768,21.0,94.80952380952381,12.765653322956284,73.0,85.0,93.0,104.0,115.0,21.0,94.14285714285714,10.484682705192915,77.0,88.0,95.0,103.0,119.0,21.0,89.0952380952381,16.61296109037989,58.0,80.0,86.0,99.0,121.0,21.0,92.71428571428571,10.784910093008921,70.0,86.0,92.0,104.0,111.0,21.0,0.46685775247784606,0.4341736185301513,-0.43711743726501245,0.21755406089243345,0.49376077347464326,0.6742898735088211,1.397336309026062,21.0,0.31371425286079163,0.4370197763743873,-0.5897272263345923,0.08326353440736761,0.34300282517490965,0.5342803327389388,1.2490088456998034,21.0,-0.715540732000912,0.6009119896560329,-2.157606715726515,-1.1506184228980942,-0.6664783055968477,-0.17668798169672156,0.14989917736925165,21.0,-0.4706115049105535,0.65739729612933,-1.9942607425931773,-1.0266137058882658,-0.48222612101578344,0.0398700964880459,0.47312353822470893,21.0,-0.4445993434424832,0.6006126156843791,-1.9920194238134126,-0.643513551973109,-0.46078656931148,0.01916569526349049,0.4648421201768068,21.0,-0.3142885098350087,0.3653501097193697,-1.3003270354063816,-0.5100197294264578,-0.3091817838956864,-0.16941867622827564,0.3653860971962314,21.0,-0.19399117807488112,0.4094865230870791,-1.2375365839009675,-0.3726314906477003,-0.23316834621689644,0.037848927251004146,0.5514466879731282
2009,22.0,200915533774147.4,1080287844.6231709,200913602010506.0,200914764835301.75,200915764960304.5,200916476410286.25,200916674610469.0,22.0,144.5,151.1151405858649,57.0,71.0,88.0,123.25,610.0,22.0,-0.0521145243688536,0.6387937011620566,-1.4736524292285755,-0.38928121908553637,-0.10358023682832918,0.3865836930215841,1.022967075405177,22.0,0.5208446735340228,0.5669375669755413,-1.0641687273769846,0.3083282833712896,0.64433524580283,0.7605149169362696,1.7454786549507548,22.0,0.31259691556195085,0.5523841351740149,-1.1918275091760953,0.044990184708045305,0.3944152669139984,0.5709231448472188,1.478310148728526,22.0,0.6736294735985479,0.561453242556792,-0.8417652594072806,0.34204676414924773,0.8016726403823178,1.036766105243125,1.777224460162894,22.0,-0.36235367534680024,0.6950742465060002,-1.9811389389061675,-0.7219566001588429,-0.32560642161231457,-0.08505089637026125,0.7867839192933319,22.0,-0.31543923764576387,0.6736524337106335,-1.7365120710485198,-0.5550905917631515,-0.24867830076126107,0.1893761768070762,0.7763750855217157,22.0,-0.17306333438478083,0.5786517409533583,-1.3454701996224472,-0.40811518563533733,-0.18654917697382534,0.3036739170448029,0.7946792700234716,22.0,0.09765386799221579,0.6358674401401607,-1.252499589081738,-0.33070440926452555,0.1566868566149599,0.5347716918413757,1.1136641283426987,22.0,0.3670126112805786,0.5825909790486582,-1.2340738858317615,0.11002735124603741,0.514624527176941,0.6097287518774456,1.5860366920467983,22.0,0.29019484413367896,0.5483909677803523,-1.1783437559718755,0.059192964883725524,0.3862882447134488,0.4995785915270209,1.472814375992567,22.0,0.43849003403528103,0.6045780399084395,-1.0855104795536807,0.02433009801122847,0.5135316113525268,0.8709302960777887,1.5121077876811058,22.0,-0.18497186080260233,0.7279431033613407,-1.8074122575677658,-0.5824864498644986,-0.19424361749210334,0.17669581309907056,0.9871986080039772,22.0,-0.17082351179364375,0.6727612796865817,-1.4810985229009714,-0.39234394525102384,-0.04441342940665364,0.2943266354673396,0.8919212842110421,22.0,-0.14418441301226428,0.6366283601015543,-1.326960667243695,-0.42002172223227885,-0.10572672884173955,0.4040833385306462,0.9239676235299845,22.0,-0.10061885091885032,0.8200373135026157,-1.4165704765533045,-0.7860556556943596,-0.11203267241722437,0.394075068091228,1.6392501151438303,22.0,-0.2598057655430806,0.7796423954448107,-1.5797518612638284,-0.8861815396570896,-0.43045159374204467,0.40403214280929134,1.307585292107884,22.0,-0.2793001097690924,0.7673009893389405,-1.5754981467729643,-0.8845298888063781,-0.47135104012980766,0.4146836755724067,1.2386181109188272,22.0,97.27272727272727,18.81534788456796,73.0,81.25,91.5,109.5,139.0,22.0,101.68181818181819,19.49941724070934,68.0,84.5,103.5,115.5,141.0,22.0,97.77272727272727,16.978787376583192,67.0,84.5,96.0,110.25,126.0,22.0,98.9090909090909,16.103560951686287,75.0,84.25,99.0,107.25,127.0,22.0,0.48892730615530605,0.5571931909822165,-1.057985668322777,0.24828116157012678,0.6210354762512639,0.7249615148812755,1.6716772641265139,22.0,0.3582627656874491,0.5672660913584681,-1.1876421656181795,0.0811244447111428,0.5108506854755772,0.6146190934585627,1.5372842163573905,22.0,-0.3529707878065929,0.6807521945393056,-1.9322135653346377,-0.6844908898992614,-0.25008393362363934,-0.09943456556398028,0.7484775098454375,22.0,-0.18214219100081064,0.7058537274438473,-1.7421495106344072,-0.5436367519958949,-0.15971584066814326,0.13683716873364232,0.9347690359224696,22.0,-0.18411117707616784,0.7750412168237603,-1.4629492326085616,-0.8814488778515692,-0.27965445268533756,0.31716365398546326,1.3954621448750104,22.0,-0.04023010693047537,0.5191335184068706,-0.9498574348812348,-0.32397070060355776,-0.09633838271235737,0.28496934363372245,0.9922603501439482,22.0,0.035938507804272574,0.5268908299319945,-0.9422528600001209,-0.22850233488318833,0.050164779471683664,0.35432882395631804,1.097213011088451
2010,27.0,201015694225571.44,1135920040.056368,201013385311401.0,201015260111056.5,201016367210507.0,201016652761080.5,201016709410471.0,27.0,180.33333333333334,184.80405423458234,53.0,65.5,74.0,225.0,635.0,27.0,-0.20585534682534257,0.6378966566403012,-1.425032603917271,-0.671960219936258,-0.049111439511402684,0.2798431508321343,0.8969443410984806,27.0,0.7459108942945808,0.5321216431761943,-0.2013566478677757,0.3776215004577546,0.6340797503038123,1.116064417967439,2.0774892240326066,27.0,0.51319043055101,0.4975494964565218,-0.4972250960442297,0.22395339795588884,0.43824372500049424,0.8273958340197558,1.685620712605352,27.0,0.8468959325607772,0.5113682476156488,-0.10767455056159976,0.5144144525151282,0.8545831967660876,1.1786616762351847,2.187296250480188,27.0,-0.4371675080347621,0.7697354934028635,-2.088706401605403,-0.7430422933983256,-0.344647848044476,0.1705029919426711,0.679366508430185,27.0,-0.5036277472269534,0.7159838462210659,-2.1665501246779386,-0.8787655470468385,-0.3827999102846577,-0.018744098294843053,0.5488750713858948,27.0,-0.35048480590247977,0.5466368716357696,-1.6575371430396826,-0.6529873393459905,-0.2807826696745164,-0.012994580090083377,0.5379614263048931,27.0,-0.06140455758786118,0.702824597848027,-1.496753783344034,-0.6492717481989845,0.07474207430067462,0.43214158595944496,1.1076898707733318,27.0,0.5818319621208199,0.5347632400070125,-0.39159034707900425,0.2503828197033229,0.5018261314358509,0.9664715100689728,1.9299651715520978,27.0,0.49233007828754866,0.5072623898144718,-0.5254551804577174,0.13455621964639908,0.4807746799074812,0.8164141730311756,1.6518289589003183,27.0,0.5910897785567821,0.5428110294444252,-0.4318978794190517,0.24150551731672676,0.6131834089299121,0.9005614235417262,1.9251223818737377,27.0,-0.21404202259770544,0.7975791546705403,-2.109471150639918,-0.5405503719466723,-0.09499236099743548,0.372288457224617,0.9805599510133803,27.0,-0.3318748272724868,0.7775591001084163,-2.1694149843469344,-0.7242723350679556,-0.19804284849981246,0.229919878168073,0.736610079405617,27.0,-0.3530284953027278,0.5873402797431335,-1.4379007318323496,-0.769751943668228,-0.4292103177560995,0.15072757308816215,0.6108799785820006,27.0,0.08618897824513433,0.7038994606884842,-1.0596791893874349,-0.2925932665025275,-0.16780407921895524,0.36546139980780934,1.7427828984402984,27.0,-0.21008471233675227,0.6456841687775118,-1.053916358130831,-0.6964906188730142,-0.3677374981577173,0.05707654293970264,1.529139330168329,27.0,-0.2538338191307116,0.6246124902846306,-1.046010082340202,-0.7575470340189019,-0.3913465910763765,0.01846986911277369,1.4517048707320983,27.0,104.92592592592592,16.466576697909865,76.0,96.0,103.0,114.0,147.0,27.0,102.25925925925925,14.203446473933422,79.0,89.5,105.0,113.0,128.0,27.0,96.85185185185185,14.883402484501637,68.0,87.0,95.0,105.5,127.0,27.0,101.25925925925925,13.651127292398836,80.0,93.5,99.0,107.5,127.0,27.0,0.6962917628247488,0.515428068636811,-0.2713807628594767,0.3653718026561066,0.6316405447148417,1.0381714422821955,1.9818900758939466,27.0,0.5568329602580311,0.5215439144107379,-0.4398113035606277,0.2508378220223989,0.485258738022891,0.8885255479710464,1.845555749820892,27.0,-0.4504595558732004,0.7521409382940121,-2.1042751462199103,-0.7513759022308858,-0.3621345086195161,0.1940225102327366,0.6034618817653988,27.0,-0.23760858353266168,0.7839561991596565,-2.121459917381321,-0.5187223316830939,-0.12177447566138948,0.3935834228427978,0.8833938055390798,27.0,-0.07069768840460085,0.6618251360509778,-0.995828501407306,-0.5026652271330191,-0.22052587141226063,0.19049794647416574,1.6204742224170676,27.0,-0.057513318454244115,0.5369924970683286,-1.218452848329279,-0.2821704605956439,-0.09392706632923584,0.367417707003795,1.0280125688800164,27.0,0.035964684793506216,0.5573570568316717,-1.2692665045581601,-0.20286368831236568,0.027599501262417753,0.4598233927699291,1.1448339626178106
2011,24.0,201115309160969.47,1226917825.9760058,201113436111153.0,201114384760442.25,201115341260444.0,201116532335576.25,201116676710687.0,24.0,117.25,82.99148725334267,53.0,75.75,81.5,120.5,347.0,24.0,-0.4362615503218452,0.5054316824594685,-1.4445901902523552,-0.8372870164221712,-0.49030451044912526,-0.09564437006543919,0.5325898508530108,24.0,0.5079147770034503,0.5448763918443889,-0.7705264666881698,0.3536740917398911,0.6014732857007881,0.8000341279692962,1.2861031560633753,24.0,0.2841747845182632,0.5376905010255165,-1.003182803634854,0.1041960056802831,0.3717277417909366,0.6503057600179238,1.0148201353515252,24.0,0.6041089486495409,0.5053688215841664,-0.5101641273969755,0.4974303330831069,0.6676631670208604,0.8860152497154115,1.4043941172117023,24.0,-0.5861434145684671,0.5281921939934154,-1.4002549365538397,-1.0615500506235487,-0.620113463438885,-0.2593142024820696,0.3728682029549602,24.0,-0.7108599385186037,0.5431980427074959,-1.5574771894972737,-1.1246364738100938,-0.7441915912599164,-0.34120634151765944,0.20160130577288068,24.0,-0.482483129015558,0.44515810892256824,-1.286044378459699,-0.713266914210873,-0.6110069958365721,-0.12077618190696252,0.3715992461107621,24.0,-0.23281795833742666,0.546847888890056,-1.2511573034554928,-0.7182845362360536,-0.26716164410297905,0.09508468042059776,0.7485590948267627,24.0,0.3349994318792701,0.5523050861900239,-0.9662629955071629,0.1462975103687124,0.4076239765681761,0.6587512584179609,1.1153916327015996,24.0,0.2735996487713587,0.5409358747157497,-0.9639783068539007,0.13369524819937662,0.33705033837881293,0.6211363202045429,1.0326530612244897,24.0,0.28901684211886575,0.5341514009351918,-0.9419844718636231,0.06694398628336207,0.33868853152324463,0.6312094042848635,1.1005328765819773,24.0,-0.36240501137766784,0.5437109169195943,-1.1937078263400085,-0.8911029113087552,-0.24963017527266995,-0.04103584268504878,0.760118647047768,24.0,-0.571555665919667,0.5997420295120325,-1.5588511912727328,-0.9485564499865239,-0.6110689130684721,-0.2318517265491446,0.5456521042582746,24.0,-0.48337774500512887,0.5044828525229192,-1.3609663046801677,-0.7782883398160304,-0.6277763157694584,-0.08592230499048512,0.6351836273998276,24.0,-0.08517865773567523,0.6742888251997706,-1.1645391119425474,-0.6439178470093878,-0.17378644088999073,0.5133515668090092,1.1211278977863954,24.0,-0.37168846887323753,0.7123148444235117,-1.7592125302022714,-0.9938651984975904,-0.2545900753437811,0.00967792989946719,0.8537138186836499,24.0,-0.40944533089289664,0.7060969776775664,-1.8105521079026312,-1.0250406466830015,-0.2971395203527838,-0.06269374646283897,0.7859269242973931,24.0,100.58333333333333,16.10810400055679,69.0,88.75,103.0,112.5,126.0,24.0,99.5,18.045835362017563,64.0,87.75,99.0,114.75,130.0,24.0,93.91666666666667,18.749879226664177,45.0,85.75,94.5,108.0,120.0,24.0,98.0,15.421611036351608,62.0,91.0,99.5,109.25,121.0,24.0,0.4600316135871123,0.5313386494239677,-0.7855544457282823,0.3228814340835893,0.5500029871666012,0.7650003701609027,1.185424803561631,24.0,0.3073829789948158,0.538772126559867,-0.9300427132425765,0.14651751095078075,0.396230708746495,0.6393487851702588,1.0494048636339741,24.0,-0.6110867193584945,0.5243191444177581,-1.4302409473978759,-1.1004955302744404,-0.6280105848367936,-0.3140278313444136,0.33242480636110205,24.0,-0.4042351422860677,0.5413333903039715,-1.2541160385741885,-0.889716394307567,-0.34594482365621787,-0.10177449060477303,0.6684903059680578,24.0,-0.23598493570838822,0.6816819235396734,-1.4721437366124814,-0.8138743390412424,-0.17620969219054916,0.25276640778518167,0.9738634793577714,24.0,-0.2547861856674826,0.42098779956570315,-1.0002540708373902,-0.614083984540224,-0.218841980971954,0.008517615740584177,0.5354451818299031,24.0,-0.15646626911207442,0.43206073223740177,-0.9189838504514574,-0.5354872302449931,-0.1344480147505686,0.09979793461653563,0.7184101239109821
2012,25.0,201215434966697.7,1154421760.4756978,201212565610494.0,201214639010773.0,201215281910562.0,201216548310605.0,201216676710763.0,25.0,85.76,44.22318396497475,51.0,65.0,71.0,78.0,235.0,25.0,-0.4283646803831542,0.601520722477854,-1.5816554386897834,-0.7902317980176732,-0.3159854032205126,0.06056633454374734,0.5400284200146453,25.0,0.16578681340878954,0.6928680058929573,-1.326551723014469,-0.08550612022819314,0.1778075345433694,0.4893576122476241,1.637067373009745,25.0,-0.057171392987288565,0.6809233469169498,-1.5730034991071016,-0.3631743688757389,0.02303203231567086,0.28039775160952335,1.337212443905557,25.0,0.27851507173745255,0.660390418970413,-1.2451831410818945,0.1868310407657634,0.296178231709681,0.568405211758528,1.6017293818702134,25.0,-0.319685453156545,0.5850441929196805,-1.4530368066544201,-0.7235044833669814,-0.21769035363731715,0.08523080700605663,0.5366763063603791,25.0,-0.44949640893610043,0.6723309913033048,-1.6528110493113972,-0.9539794220145617,-0.30414820371413975,0.17770667983496902,0.5759762668993736,25.0,-0.2224671648988198,0.6822603242055825,-1.528435892794395,-0.6804854340871719,0.015302612904648833,0.3003311575607211,0.8480402074260219,25.0,-0.2610677937319206,0.6254542542603322,-1.4471259901216136,-0.7134256461437881,-0.10829654041509189,0.18924388582628787,0.7038073254795081,25.0,-0.006861602564729095,0.7076048471717907,-1.526688234891654,-0.17193003033235268,0.006204660300456452,0.3307806589711761,1.4734991024099724,25.0,-0.06234895389218007,0.7069954800301816,-1.6835647400710365,-0.3610986273747471,0.06385323519139655,0.29146310122369906,1.416604614076822,25.0,-0.0206518433934934,0.6850402009901401,-1.4721579034548868,-0.1081813472050412,0.01985529158428578,0.29109793016920243,1.316145244111749,25.0,-0.0984123303201712,0.614427040743225,-1.2698568596424222,-0.5993115803641259,-0.060907555943568385,0.30511752544818516,0.9227884784440686,25.0,-0.2877321831173066,0.6692772047372949,-1.564903207323486,-0.6536422355706254,-0.17422851402367656,0.2616973916583579,0.6123637542478141,25.0,-0.25124127954292047,0.8135264946509161,-1.7530358645007311,-0.8814176038309013,-0.10071798975039209,0.43129127110045623,0.9482940898186925,25.0,-0.503229108360295,0.873729614517613,-2.385052340689271,-1.0624835813427191,-0.3563658901328845,-0.06688918330329169,0.8590275605997717,25.0,-0.7708785433237907,0.8080700588775829,-2.534534427239881,-1.4000232239277914,-0.5795017574260745,-0.18851911731209833,0.6004836829576565,25.0,-0.794433926649503,0.78050701968309,-2.491224569243301,-1.419092654809067,-0.546037888924147,-0.2631811386305421,0.5404422228256069,25.0,92.48,17.260552327972203,50.0,85.0,92.0,105.0,124.0,25.0,90.2,17.590243507884328,51.0,80.0,90.0,102.0,122.0,25.0,87.64,16.695508378003947,42.0,79.0,91.0,103.0,108.0,25.0,90.12,15.089510705564091,51.0,83.0,94.0,102.0,118.0,25.0,0.12144500315569876,0.6783645418004578,-1.3842135394557438,-0.10066029331180626,0.16886102799051977,0.42215066841380433,1.5385922538965557,25.0,-0.026265856128717256,0.6955815822028396,-1.5628451201581153,-0.28897550723322973,0.02765459184015271,0.28871692299976637,1.4035343781668126,25.0,-0.3456476443124561,0.5953734237481583,-1.4929916551858158,-0.7059294907849222,-0.17154960690474974,0.04800434792330838,0.5029532373279262,25.0,-0.13627630087959827,0.6131768087515402,-1.328866129178635,-0.5467941990497761,-0.0005703593214662558,0.23642030985157744,0.8432048953555485,25.0,-0.6417649025071853,0.8278479548374459,-2.4511314123652603,-1.232248681568537,-0.44698580124810605,-0.14701831096579,0.7177473297523043,25.0,-0.22206325728614926,0.5242429202689418,-1.3171788153147848,-0.49159311664720506,-0.15811117757132606,0.30603570754435017,0.4554046684545401,25.0,-0.12823146602479843,0.5329628275042991,-1.2666761190613847,-0.43648101528426614,-0.10707364490312529,0.37502216606688754,0.5681795299007372
2013,25.0,201315360251030.28,1189063606.0781708,201312613810467.0,201315267810910.0,201315322510691.0,201316622810900.0,201316823310277.0,25.0,92.24,49.25806194590553,51.0,60.0,71.0,129.0,198.0,25.0,-0.014083264133745286,0.5128049313057771,-1.4276854149868246,-0.29921936980676084,-0.005492087844721056,0.36558812261429835,0.9962166434290781,25.0,0.5655744608758264,0.479725534997787,-0.9126910433221582,0.3001241313250774,0.5971238022630346,0.754622344290122,1.3980917659554368,25.0,0.3118763580291658,0.49230644310614047,-1.0793210018912311,0.012323921108643651,0.33326128643255815,0.5833558479898256,1.2125018945259731,25.0,0.7247310911634824,0.46854055472632494,-0.5650747331211696,0.4665753868817909,0.7800033833433776,0.9224826691759798,1.6165544172014816,25.0,-0.029348199074831917,0.6580097690073005,-1.3995440849263079,-0.494563273373226,-0.10631718229933979,0.3823684545570288,1.2085023311083223,25.0,-0.08240746446725859,0.6651119220958064,-1.8516700058616538,-0.4443284260046327,-0.08559427932758729,0.29996400077652774,1.2132416829542734,25.0,0.044223751161789566,0.5792316309235661,-1.3420125922015969,-0.16977111034376804,0.11841111302101794,0.4084829272077044,0.9297541341454325,25.0,0.1830982920326422,0.5306468200088229,-1.3451306700012855,-0.0002917356677535837,0.21490109887391265,0.5802150809618047,1.2505287861510492,25.0,0.3959359339008839,0.4840800608680104,-1.078811988284088,0.1393089045492013,0.44540665226612974,0.589395731315955,1.2501409102312229,25.0,0.303545808781375,0.5023174634409039,-1.1471694134547585,0.03379728901570315,0.3252060914775985,0.6251817097520312,1.2040684533419437,25.0,0.4421006685627487,0.47468235854017954,-0.7795117412588152,0.1558449019006636,0.5108143637023644,0.7293572000014095,1.335671717011521,25.0,0.1912495225623397,0.7470403534254888,-1.3444204967776747,-0.22339838610914076,0.08963460104399702,0.623771545321717,1.5204949588645775,25.0,0.09669956178955724,0.6839666037651337,-1.7246492902875603,-0.21929746855722276,0.15534663859606798,0.5604720987170329,1.4513906820439264,25.0,0.059908109481267624,0.5895070516487227,-1.2951865784593946,-0.20127291064222055,0.09536212086870677,0.4265999990873012,0.9398272869570774,25.0,-0.05386539146059238,0.7794647646221194,-1.6370666469548012,-0.4876833061347495,-0.09780231652328181,0.4746723376187687,1.6539998976499286,25.0,-0.41760322142675316,0.7796867930044956,-2.412128696289084,-0.8208072994591508,-0.3402528728445292,0.03076857802569817,1.3302397870544467,25.0,-0.46679669461500967,0.7654014118490401,-2.4759963753299985,-0.8745644998249821,-0.3690849671064468,-0.0451681971192379,1.2406349060955302,25.0,100.76,17.117924328998924,65.0,91.0,105.0,112.0,136.0,25.0,92.48,19.065938214522777,46.0,86.0,94.0,101.0,135.0,25.0,98.04,19.40249124897797,72.0,82.0,94.0,112.0,135.0,25.0,97.08,16.55526099663387,66.0,84.0,101.0,107.0,135.0,25.0,0.5212963560793594,0.47210586990151027,-0.8931567688526824,0.2326905419578063,0.5407812689859202,0.7188598369651741,1.3861073347758066,25.0,0.37745184329740417,0.475015970225168,-1.0394591664302346,0.08934674553681854,0.408528446864451,0.5674549035975196,1.2534253345204989,25.0,-0.03996005215331726,0.6507393912894797,-1.4899692691133772,-0.4853604033323475,-0.09570489010043373,0.3087512436000868,1.2094502014775126,25.0,0.17233953040778316,0.7224133228408159,-1.4204662554796519,-0.304158407024158,0.11269273050500307,0.5351351564499462,1.5066741035004472,25.0,-0.2455730010813241,0.7667588375503617,-2.037371207430126,-0.6100728310241352,-0.2254545016890486,0.2510319110896582,1.4741988661604044,25.0,0.13359222792040015,0.42947378671663444,-0.8870584313346888,-0.08620082292426731,0.17215822469316222,0.36688133781358095,1.0196263805141241,25.0,0.23602497659964128,0.4663273229926638,-0.8830049528612232,-0.10753844226021492,0.29532732032103837,0.4840342916809429,1.1731086430517155
2014,29.0,201415495883240.66,1082299103.142233,201413372410412.0,201415196911047.0,201415343511056.0,201416622810962.0,201416823310288.0,29.0,69.79310344827586,9.469421879867653,52.0,62.0,70.0,77.0,86.0,29.0,-0.3212163226425843,0.5473855490063188,-1.6180910548731882,-0.6586777771141572,-0.349228285224429,-0.0032303449224402128,0.758897870167147,29.0,0.5913785800944765,0.6369329968298694,-0.5397350561849004,0.18912922364164167,0.4716420195938527,1.1158852257658836,2.286704264448593,29.0,0.3853859677147779,0.6359249844811596,-0.7947256396908133,-0.06096670247046186,0.36418258617622057,0.8114488675676923,2.1783687966629985,29.0,0.7389636833817683,0.6079910475112524,-0.24736821701328315,0.3386832450492171,0.6294181706685276,1.302603059811167,2.174996387576081,29.0,-0.36522037288952697,0.6478776015666599,-1.4301016108595093,-0.7551047937772443,-0.4156284292149409,0.18858636013653202,1.100822708450798,29.0,-0.5077681677305144,0.6643150331180601,-1.8064052230915226,-1.076878132262278,-0.5444251150184615,-0.055802000501350445,0.7156494844194984,29.0,-0.2972310867950889,0.5320500105654253,-1.0702047944069815,-0.6790844413750722,-0.401909974429221,0.20393038541750652,0.6320987053367022,29.0,-0.15915299389494292,0.5781133863241811,-1.5513478662247053,-0.44009082543094014,-0.20617707809760452,0.2443227293938972,0.8526923767353451,29.0,0.40506760826270416,0.6354548218959055,-0.7201669419710491,0.013602382278868676,0.2705313537482122,0.8526600267810891,2.005584280608472,29.0,0.36692370246841677,0.6471878987833923,-0.850905089190988,-0.08754541920093838,0.30843014635624993,0.7962926597826732,2.1785533070186425,29.0,0.4424471349559042,0.6201231154346653,-0.6836115780829836,0.05076407171278234,0.38255921731989867,0.9179204420902013,1.8037978029413941,29.0,-0.15484431194308085,0.6602525373837064,-1.2454817724911031,-0.5967243229479274,-0.2653371164584129,0.458452313829626,1.3367678531371445,29.0,-0.33235794003851304,0.7067178367375943,-1.8152504773195466,-0.9517365384579138,-0.4221672286440732,0.1662370633680572,0.930202971537996,29.0,-0.31393370575292434,0.5789625758558468,-1.2845566793582512,-0.7645008830361232,-0.4661974380543695,0.20429850728105498,0.7763188117878097,29.0,-0.19355537678061188,0.867882666877578,-1.6414335833328595,-0.7994075068091228,-0.3198724035777036,0.4072134055849022,1.371070183718378,29.0,-0.4401834655644439,0.7705758868822095,-1.7200444827540007,-1.1254561045434042,-0.4312080461977517,0.04719448253069355,0.9573718106178011,29.0,-0.46930557935440675,0.739800556917627,-1.6869600206750128,-1.1496354066140413,-0.4441218517222089,0.0017849046234170692,0.9166456754219239,29.0,95.10344827586206,16.988115231340426,61.0,86.0,96.0,107.0,125.0,29.0,96.65517241379311,14.056711315415356,69.0,87.0,98.0,105.0,123.0,29.0,88.27586206896552,17.19820703222149,56.0,77.0,87.0,101.0,122.0,29.0,93.37931034482759,14.583292282372435,66.0,83.0,96.0,104.0,120.0,29.0,0.5590978170380252,0.6282536274501355,-0.5471425662602186,0.11203465450137116,0.47875978842695355,1.079418669085486,2.231862048738412,29.0,0.40110034186305793,0.6304275252315192,-0.7076575391271018,-0.043478738859590846,0.2886349882060805,0.8636968267851077,2.0171176929981076,29.0,-0.3937299318577245,0.6417266769093674,-1.505362333305912,-0.784334020201047,-0.3675189053269933,0.09116880520433329,0.9941458129957039,29.0,-0.19034703756216734,0.6568806001889663,-1.346797208102821,-0.6243629684522604,-0.22247782899123505,0.4207444771976292,1.2477849689640184,29.0,-0.3226938439305205,0.8044420812895318,-1.6741221406276323,-0.9672676660903909,-0.361777851023491,0.1913362886284101,1.0595083968370136,29.0,-0.09337888534597157,0.5302533204851917,-1.1900219758572148,-0.4712223123830062,-0.09898781581973076,0.25168767686269544,0.9054758963448677,29.0,-0.0066740150011548585,0.5361430856284796,-1.1481413826539875,-0.35282841862589287,-0.037860931373158935,0.34344333926906334,0.941058685665086
2015,33.0,201515412977695.9,1199006236.8610635,201512565610613.0,201514587210586.0,201515258711000.0,201516620310661.0,201516682710817.0,33.0,76.60606060606061,11.543232308206056,58.0,68.0,75.0,84.0,106.0,33.0,-0.2611940212206316,0.6477601903308848,-1.1835499035134,-0.69009361280489,-0.4128539611793278,-0.005963994015512309,1.3535237162396152,33.0,0.7431740551609871,0.47322862692896395,-0.13232464414057793,0.47418980689596757,0.706903461015922,1.0570906354155467,1.540627759152649,33.0,0.5567960096240921,0.4923411747301002,-0.46697066944310817,0.29755853261550025,0.5934656975479892,0.8691096716374636,1.409421889517835,33.0,0.9139874282307752,0.44999458365831385,0.07094324793915621,0.631888716197404,0.9304388125874471,1.2614214271365285,1.6767321132151278,33.0,-0.48302913274539844,0.5715564852140149,-1.5961726172071564,-0.9044685133652232,-0.4481366290172969,-0.0861465779087321,0.9033105375796487,33.0,-0.5736073089560962,0.5750961910595089,-1.585483077537804,-1.0245435543484613,-0.7084307919640687,-0.2440766199179368,0.851370326462068,33.0,-0.28425469128353714,0.37211616564153716,-0.9511128080548715,-0.5255426374866707,-0.3301368591903449,-0.0713855224668424,0.5232411152571301,33.0,-0.07962298752177012,0.6727177268466362,-1.1194428100487146,-0.4607884351746166,-0.3324856540507364,0.19672925946804068,1.5767476546316803,33.0,0.572102817523398,0.48534356435435055,-0.3204331238413595,0.2868916017502191,0.5197681578715876,0.8777339028387303,1.410496753363112,33.0,0.5269992965043474,0.5040750072813748,-0.5018365370042108,0.24707518138026927,0.5442673291467055,0.8541221590347473,1.4080907790949768,33.0,0.6257229306631407,0.45916028120081864,-0.19972122660294703,0.3438005519078885,0.584252298735123,1.0152990558357387,1.5055737057830503,33.0,-0.2218117463075858,0.5951598468536569,-1.3408071273106468,-0.6616846425734951,-0.13956594096142305,0.15220106339765857,1.1912463699581068,33.0,-0.3915965772694517,0.5910208205994506,-1.4125906812900157,-0.7886713647852203,-0.5336781217075318,-0.03443052432586271,1.0256894982160594,33.0,-0.284967518293043,0.43469456029218245,-1.0319505438924477,-0.5683086625767618,-0.29450357549768713,-0.06992231411747347,0.7058569405422345,33.0,-0.16411196194920707,0.5661578274476957,-1.0939903449766015,-0.6070621549238913,-0.05316642690214764,0.23873609034099635,0.8993170975794209,33.0,-0.37472603107269514,0.5003249899711821,-1.1654503878842557,-0.8189158891861353,-0.3364108759440304,0.01018218501431398,0.6426373449691167,33.0,-0.3994508720114985,0.4807828836963956,-1.155021705492291,-0.8413078254269946,-0.38669471315055143,-0.010689014436524112,0.582947039907355,33.0,99.51515151515152,16.67918090787362,65.0,89.0,101.0,112.0,127.0,33.0,100.18181818181819,11.10870870492647,72.0,95.0,99.0,110.0,117.0,33.0,92.39393939393939,11.299721771849612,69.0,85.0,92.0,100.0,114.0,33.0,97.39393939393939,12.18333747875401,69.0,91.0,100.0,106.0,119.0,33.0,0.7214233161138761,0.4723420397339365,-0.1569099267616426,0.4404714217248567,0.7018288503922646,1.019571477534901,1.5158095519250263,33.0,0.5692957838456314,0.48186987016205046,-0.32176141538228314,0.2618370882350666,0.5437099916594383,0.8827396121939578,1.3951976527146366,33.0,-0.501144767987538,0.5683661914531121,-1.5940347092732858,-0.9322029387137101,-0.5117792955051033,-0.11500672101246064,0.8929224953561327,33.0,-0.255768712499959,0.5871029230669348,-1.3551638381065205,-0.6931204366620816,-0.22201957091698998,0.11688309013150608,1.1581349956096973,33.0,-0.2743639646987118,0.5223610931534567,-1.1257058344351114,-0.714187286510692,-0.17766816818810294,0.10248779632201521,0.7590391602619164,33.0,-0.08638419340373242,0.45075175500037223,-1.0624897066368548,-0.3917114668670399,-0.08245509729363243,0.2891467846242947,0.8493074174434463,33.0,0.02697978139935588,0.4642675822298672,-0.9698019568429148,-0.29429733147424836,0.030813787639349,0.3974671834358518,0.9729681552017048
2016,30.0,201615226377569.1,1299838384.406009,201612613810745.0,201614784910556.5,201615314710845.5,201616499985500.25,201616680910524.0,30.0,71.26666666666667,12.56138948313945,51.0,60.25,71.0,81.75,101.0,30.0,-0.2851681856865671,0.3871613947472804,-1.181288244170548,-0.4099010999604452,-0.26113807467063066,-0.0636448156440899,0.4271828184497845,30.0,0.9143272853250275,0.3782082884781865,0.29559382666575446,0.6383241619506538,0.8412218627518058,1.2064713634571713,1.7295794196127494,30.0,0.7234547367542432,0.3646522850397377,0.18514955223290477,0.4841083866546296,0.6822290168892872,0.9759312830718341,1.551560759919079,30.0,1.0867136223037512,0.3505406657442731,0.4599655321893404,0.7951434044187875,1.0538594784717157,1.3455556612850361,1.8549356283679246,30.0,-0.6870997809344239,0.3998546544545778,-1.651737266813384,-0.9136046240216318,-0.7614994270748077,-0.45453012555852623,0.22109001291355196,30.0,-0.7154437548258122,0.3957352845090295,-1.6301013821063126,-0.933516879112346,-0.7345547310707224,-0.3788828743589405,-0.025469733323029892,30.0,-0.35980215224526446,0.3583021538943437,-1.1765859283135913,-0.5695613417281344,-0.3605943799048055,-0.14048728230231322,0.2836972212883961,30.0,-0.11348012878743034,0.43646455380229654,-1.0269320835066145,-0.32498899718609797,-0.06973374418974616,0.09867671532109387,0.6793369403205937,30.0,0.7576295641068248,0.38758274495006956,0.10839727236888834,0.4878181883342619,0.6908046707261848,1.0317263865403852,1.5665975962180674,30.0,0.7131830452555579,0.3684363782223136,0.176820227606703,0.4785216766719603,0.6735570301740328,0.9554928073909577,1.5596923948785197,30.0,0.8135187006081794,0.37494551944028315,0.028503258230158986,0.5265909643585921,0.8247683643296928,1.0645196533482764,1.6867323599172492,30.0,-0.4406908093503009,0.4013106756917741,-1.4004898661962009,-0.6961336643567778,-0.47609401429584763,-0.17683919596466657,0.4177367332957446,30.0,-0.5823521754399852,0.413541783640667,-1.5365279031677432,-0.7872511859953597,-0.5899226676366981,-0.26013491227309654,0.09677703287237993,30.0,-0.41486117090133573,0.39539059848344105,-1.2365928344014447,-0.6669691249195685,-0.4686290198679325,-0.16112389734571966,0.3845382732650736,30.0,-0.3440586958705537,0.42397078761116064,-1.037778548562266,-0.6273911535421655,-0.42422512466807305,-0.11069913627912001,0.6283066180693364,30.0,-0.4736737574082098,0.3070841076412701,-1.0376283456970974,-0.6928643923593278,-0.5217199551599548,-0.33321004926152376,0.2106030628787845,30.0,-0.4821224711002356,0.2899715278972357,-1.009562193514196,-0.6716406375231857,-0.5027528518105358,-0.34786731679550387,0.18135781185083893,30.0,97.96666666666667,8.984597292352458,82.0,92.0,98.0,103.0,121.0,30.0,98.1,6.97952671056199,85.0,94.0,99.0,102.75,112.0,30.0,97.0,9.112325869865535,75.0,91.0,97.5,104.0,112.0,30.0,97.66666666666667,6.994250512376938,84.0,94.0,98.0,102.0,114.0,30.0,0.8915427881495369,0.3656830900973856,0.29533488544061676,0.618042015539169,0.8360847283625468,1.1511472526751265,1.7012450634556835,30.0,0.7554734357517157,0.3745533925804478,0.11420622080708928,0.48452402319368737,0.6933009804429707,1.000134963500293,1.5885529885560394,30.0,-0.6927685757127015,0.39071168472062945,-1.6474100898719697,-0.8948987503366796,-0.7770743501858594,-0.4715404429171983,0.17177806366623558,30.0,-0.46902308256823777,0.3924214175638476,-1.421328815155288,-0.6914782243723485,-0.502512851358988,-0.23469476228602648,0.3535447932110717,30.0,-0.4105559693777869,0.3489158794495991,-1.0320902166931014,-0.6483350979086625,-0.47747233277412193,-0.22294907366335837,0.3188258442916372,30.0,-0.13595508854880306,0.2808071837796101,-0.7689489025446927,-0.32805197511839407,-0.10491307174013065,0.05310104034095116,0.4697828154334882,30.0,-0.03056553631609026,0.2899204576950192,-0.6722362136821585,-0.23496333847761758,0.01111685351950284,0.1806209783470285,0.5520609363003104
2017,9.0,201715189045535.88,880258089.4334571,201713385311888.0,201715232810661.0,201715289411269.0,201715345910714.0,201716618511434.0,9.0,55.22222222222222,3.1135902820449006,51.0,53.0,55.0,56.0,62.0,9.0,-0.5176545412473089,0.41295945777221493,-1.107450833607014,-0.7396578856614359,-0.4476965534501396,-0.1782582057071277,0.023642781655111057,9.0,0.5315284153581111,0.43684100583591945,0.17293839372110525,0.25852873428402945,0.29679441441617554,0.855069347382002,1.4157698911488827,9.0,0.2904196365878178,0.4174009981175365,-0.11374760301279054,0.03613622135970952,0.05094423174500669,0.6538598907435109,1.1059313489683895,9.0,0.6846518386944055,0.42490883866263324,0.30649390469544624,0.3479469097034993,0.5278738153892782,1.0666853455415641,1.4936527068509178,9.0,-0.672979318781505,0.42760768409123584,-1.3120320353091672,-0.9662080233777729,-0.759942828734775,-0.35200190368794065,-0.023215898825654925,9.0,-0.7906166631379469,0.3921067666309778,-1.3742637593367095,-1.0488628203412576,-0.8469769133775753,-0.6065322570005296,-0.21451579159653728,9.0,-0.4840759913050225,0.32840129394493717,-0.9498867492861934,-0.7842760244664134,-0.29885106428290015,-0.2817227494748179,-0.07780407702569705,9.0,-0.3731307945977831,0.3981090922003131,-0.9553178857486928,-0.6917635297919627,-0.33016214593058535,0.058185992412024254,0.08241148984460628,9.0,0.3501335796411595,0.45082518618081663,-0.048144220399891836,0.0687037561943486,0.11732967781242161,0.6983592510417583,1.236844848875813,9.0,0.2796634882561355,0.40950594106500493,-0.16594334214150627,0.016128840945483777,0.10659519086937325,0.5852945246551962,1.1041310550697516,9.0,0.38685836400467244,0.5033520429196661,-0.18227233799600343,-0.008659896455595381,0.23464896050299036,0.7830906841754687,1.2990082574724309,9.0,-0.4409867853339235,0.4470542050444285,-1.1157157321013926,-0.7469944162528874,-0.4820225774964685,-0.1639702806424037,0.2653901650873332,9.0,-0.5891401525789077,0.4448558226881437,-1.287916511957962,-0.7827399744047406,-0.67106887537295,-0.43434476701340263,0.09083395688009245,9.0,-0.45070265133941084,0.42001315755872515,-0.9897138841267983,-0.7622556439014225,-0.4056855052776811,-0.23381518761285142,0.31942177486457835,9.0,-0.21091389136866684,0.6077780134310804,-0.7588734668812227,-0.6739024376375329,-0.3982316182114894,-0.0029520035026468863,1.149425418071611,9.0,-0.4097725097175762,0.564045458061632,-0.9469054116217895,-0.8045717641699456,-0.5279200739592778,-0.3412365401706958,0.8236868431982921,9.0,-0.4317244407514393,0.5453899107935503,-0.9662558925422741,-0.8506737371721685,-0.5181887772627198,-0.3719817588809322,0.7466852916256383,9.0,97.55555555555556,14.87540849112312,77.0,89.0,96.0,105.0,126.0,9.0,96.77777777777777,12.0080991186967,81.0,89.0,99.0,101.0,121.0,9.0,95.55555555555556,14.371074343199878,74.0,87.0,101.0,101.0,117.0,9.0,96.55555555555556,13.19195883020326,77.0,89.0,99.0,102.0,121.0,9.0,0.489820466394282,0.42742363373158554,0.12193429789741533,0.20667188116416133,0.26925523980944543,0.8370297100223671,1.3383948916351418,9.0,0.3363375090983549,0.444654058049507,-0.07558709213351689,0.03875135750182398,0.11043328329045402,0.6916272352494247,1.2094633924533182,9.0,-0.6965067876527934,0.4146502850145094,-1.2897770134635271,-0.9492683749113304,-0.8177268270560716,-0.3891977835572754,-0.0614758773798314,9.0,-0.47061745878292033,0.43880572480291374,-1.101389191312448,-0.7318093080768999,-0.5421660568781229,-0.1422721119232545,0.23047892344588503,9.0,-0.31473358674989416,0.5764929828349975,-0.8311641176966974,-0.7239083075349506,-0.5109973845705643,-0.18387398213424402,0.9711558203204208,9.0,-0.3048381621575739,0.3427203592560811,-0.7647776198976833,-0.47854708127009044,-0.43961740634024726,-0.06051755272255813,0.36363993701848724,9.0,-0.2090336355815103,0.34990028684295565,-0.6904515978861332,-0.4092388542675137,-0.33429341130349144,0.007617022279389721,0.4939861187073229
